title,published_date,publication_location,publication_4,publication_type_5,length,section,word_count,countries,byline,agg_copyright,cite,company,headline,hlead,publication_16,publication_type_17,pub_copyright,show,term,ticker
"August 28, 2026: Princeton Review Names RIT Among Top Colleges for Career Readiness in 2027 Guide",2026-09-10T00:00:00Z,International,News Bites - Private Companies,News,352,ANNOUNCEMENTS,352,Australia,NA,NA,BEST INC,BEST INC,"August 28, 2026: Princeton Review Names RIT Among Top Colleges for Career Readiness in 2027 Guide","August 28, 2026: Princeton Review Names RIT Among Top Colleges for Career Readiness in 2027 Guide Rochester Institute of Technology has again earned a spot on The Princeton Review’s Best 392 Colleges 2027 list, with the update published on August 28, 2026. The feature places RIT in the top 50 under the Colleges that Create Futures category, acknowledging institutions that channel student talent into experiences beyond the classroom.",News Bites - Private Companies,Newswire,NA,NA,NA,NA
"July 14, 2026: Sorenson Communications Earns Spot on Time 's Best Private Companies List",2026-07-20T00:00:00Z,International,News Bites - Private Companies,News,452,ANNOUNCEMENTS,452,Australia,NA,NA,BEST INC,BEST INC,"July 14, 2026: Sorenson Communications Earns Spot on Time 's Best Private Companies List","July 14, 2026: Sorenson Communications Earns Spot on Time 's Best Private Companies List SALT LAKE CITY, 14th July 2026 /PRNewswire/ -- Sorenson Communications LLC has proudly announced its inclusion in Time's America's Best Private Companies for 2026. This honor underscores Sorenson's leadership in providing accessible communication services and technologies tailored for Deaf, DeafBlind, and Hard of Hearing (HoH) individuals.",News Bites - Private Companies,Newswire,NA,NA,NA,NA
"OUT, DAMNED SPOT! PRECAUTIONARY REGULATION COULD THREATEN THE FUTURE OF WEARABLE AI",2026-09-08T00:00:00Z,U.S. Federal,States News Service,News,1113,NA,1113,NA,States News Service,NA,GOOGLE LLC,GOOGLE LLC,"OUT, DAMNED SPOT! PRECAUTIONARY REGULATION COULD THREATEN THE FUTURE OF WEARABLE AI","OUT, DAMNED SPOT! PRECAUTIONARY REGULATION COULD THREATEN THE FUTURE OF WEARABLE AI The following information was released by the Competitive Enterprise Institute : California may become the first state to take major statutory action to regulate wearable recording devices like smart glasses. Senate Bill 1130 has passed both chambers of the California legislature and now sits with the governor. The language of the bill attempts to walk a fine line between Californians' First Amendment rights and their right to privacy, but SB 1130 is just the beginning of numerous policy discussions surrounding wearable AI. The push for the bill is no doubt prompted by the growth of AI wearables, especially smart glasses. Meta has already sold several million smart glasses through its partnerships with fashionable eyewear brands like Ray-Ban and Oakley. Google will soon join the party with the release of its own smart glasses this fall, partnering with Warby Parker and Gentle Monster . While much of the current public policy debate about AI focuses on safety and cybersecurity concerns with frontier models, issues involving the integration of AI into physical hardware, like wearables, robotics, and appliances, will likely become more commonplace.",States News Service,Newswire,NA,NA,NA,NA
"June 10, 2026: General Catalyst Leads $85M Growth Round for Rylo, Boosting Total Funding Beyond $100M",2026-06-20T00:00:00Z,International,News Bites - Private Companies,News,754,ANNOUNCEMENTS,754,Australia,NA,NA,NA,General Catalyst,"June 10, 2026: General Catalyst Leads $85M Growth Round for Rylo, Boosting Total Funding Beyond $100M","June 10, 2026: General Catalyst Leads $85M Growth Round for Rylo, Boosting Total Funding Beyond $100M Rylo , formerly known as Nagish , has secured $85 million in growth funding in a round led by General Catalyst ’s Customer Value Fund, with participation from Canaan , Vertex Ventures , and Contour . This latest investment pushes the company’s total funding beyond $100 million and reflects growing investor confidence in AI-driven accessibility technologies. Based in Tel Aviv and New York , Rylo focuses on developing communication solutions that improve accessibility for Deaf and hard-of-hearing individuals. The company offers an AI-powered communication platform designed to make everyday interactions more accessible. Its technology provides real-time captioning for phone calls, instant speech-to-text conversion, text-to-speech capabilities, and in-person transcription services. These tools help users communicate more effectively in personal, professional, and public environments while reducing reliance on traditional interpretation services.",News Bites - Private Companies,Newswire,NA,NA,NA,NA
"June 10, 2026: AI-Driven Accessibility Startup Rylo Raises $85M Growth Round Backed by General Catalyst and Partners",2026-06-20T00:00:00Z,International,News Bites - Private Companies,News,585,ANNOUNCEMENTS,585,Australia,NA,NA,NA,General Catalyst,"June 10, 2026: AI-Driven Accessibility Startup Rylo Raises $85M Growth Round Backed by General Catalyst and Partners","June 10, 2026: AI-Driven Accessibility Startup Rylo Raises $85M Growth Round Backed by General Catalyst and Partners Rylo has secured $85 million in growth funding in a round led by General Catalyst 's Customer Value Fund, with participation from Canaan , Vertex Ventures , and Contour . This investment lifts total funding to beyond $100 million and underscores investor confidence in AI-driven accessibility technology.",News Bites - Private Companies,Newswire,NA,NA,NA,NA
There's One Clear Reason Americans Are Gloomy About A.I. Guest Essay,2026-06-27T00:00:00Z,International,The New York Times - International Edition,News,926,OPINION,926,French Republic,Paul Kedrosky,NA,NA,NA,There's One Clear Reason Americans Are Gloomy About A.I. Guest Essay,"There's One Clear Reason Americans Are Gloomy About A.I. Guest Essay ABSTRACT The key is understanding how our labor market and our social net differ from the rest of the world's. Hating artificial intelligence may be the only thing about which Americans agree. But they are global outliers in their pessimism. A survey of 24,000 adults across 30 countries found that citizens of nearly all of those countries, rich or poor, see A.I. more favorably than Americans do. This is startling for citizens of a wealthy, advanced economy who are usually enthusiastic tech adopters of anything with a wall charger. The technology industry says American nervousness is wrongheaded. Fearmongering media! Foreign disinformation! This makes pessimism a communication problem. Fix the messaging, get the optimistic voices out there, and the support for A.I. will grow. Hang around any Reddit A.I. group or listen to recent college graduation speeches by tone-deaf tech execs, and you will feel as if there were already an entire gig economy of A.I. boosterism.",The New York Times - International Edition,Web Publication,NA,NA,NA,NA
"June 10, 2026: General Catalyst's Customer Value Fund Leads $85 Million Round for Rylo as Capital Exceeds $100 Million",2026-06-20T00:00:00Z,International,News Bites - Private Companies,News,578,ANNOUNCEMENTS,578,Australia,NA,NA,NA,General Catalyst,"June 10, 2026: General Catalyst's Customer Value Fund Leads $85 Million Round for Rylo as Capital Exceeds $100 Million","June 10, 2026: General Catalyst's Customer Value Fund Leads $85 Million Round for Rylo as Capital Exceeds $100 Million Rylo has closed an $85 million growth round led by General Catalyst 's Customer Value Fund, with participation from Canaan , Vertex Ventures , and Contour . The financing brings Rylo 's total funding to over $100 million, reflecting strong confidence in AI-driven accessibility technologies.",News Bites - Private Companies,Newswire,NA,NA,NA,NA
"June 10, 2026: General Catalyst's CVF Leads $85 Million Growth Round for Rylo, Taking Total Funding Past $100 Million",2026-06-20T00:00:00Z,International,News Bites - Private Companies,News,583,ANNOUNCEMENTS,583,Australia,NA,NA,NA,General Catalyst,"June 10, 2026: General Catalyst's CVF Leads $85 Million Growth Round for Rylo, Taking Total Funding Past $100 Million","June 10, 2026: General Catalyst's CVF Leads $85 Million Growth Round for Rylo, Taking Total Funding Past $100 Million Rylo has secured $85 million in a growth round led by General Catalyst 's Customer Value Fund, with participation from Canaan , Vertex Ventures , and Contour . The investment pushes the company's total funding beyond $100 million and reflects growing investor confidence in AI-driven accessibility technologies.",News Bites - Private Companies,Newswire,NA,NA,NA,NA
M13 - GENERAL CATALYST AND PEER INDUSTRY REPORT,2026-06-30T00:00:00Z,International,News Bites - Private Companies,News,1597,STOCK,1597,Australia,NA,NA,STACK INFRASTRUCTURE INC,STACK INFRASTRUCTURE INC,M13 - GENERAL CATALYST AND PEER INDUSTRY REPORT,"M13 - GENERAL CATALYST AND PEER INDUSTRY REPORT DASHBOARD: M13 PermID 5060022710 Website https://www.m13.co / Industry Venture Capital ACTIVITIES: M13 is an early-stage venture capital firm dedicated to partnering with visionary founders to build and scale disruptive software companies through seed and Series A investments. Established by brothers Carter and Courtney Reum, the firm operates as a full-stack collaborator, leveraging a team of full-time operators to provide strategic guidance, operational support, and resources that enable efficient growth and the creation of category-defining enterprises. With a portfolio spanning innovative software solutions, M13 emphasizes sectors poised for transformative impact. Among its fastest-growing segments are AI-driven technologies, including AI matchmaking applications that revolutionize modern dating, AI-powered platforms for global HR compliance and payroll optimization, and scalable AI agents enhancing enterprise customer experience. This targeted focus on artificial intelligence underscores M13''s commitment to fostering high-potential innovations that address evolving market demands and drive sustainable value creation. +   M13 [2 News That Matters] +   ADVANCED PHAGE PLATFORMS FROM CREATIVE BIOLABS EXPAND CAPABILITIES IN BIOTHERAPEUTICS",News Bites - Private Companies,Newswire,NA,NA,NA,NA
There’s One Clear Reason Americans Are Gloomy About A.I. Guest Essay,2026-06-25T00:00:00Z,New York,The New York Times,News,900,OPINION,900,NA,Paul Kedrosky,NA,NA,NA,There’s One Clear Reason Americans Are Gloomy About A.I. Guest Essay,"There’s One Clear Reason Americans Are Gloomy About A.I. Guest Essay The key is understanding how our labor market and our social net differ from the rest of the world’s. Hating artificial intelligence may be the only thing about which Americans agree. But they are global outliers in their pessimism. A survey of 24,000 adults across 30 countries found that citizens of nearly all of those countries, rich or poor, see A.I. more favorably than Americans do. This is startling for citizens of a wealthy, advanced economy who are usually enthusiastic tech adopters of anything with a wall charger. The technology industry says American nervousness is wrongheaded. Fearmongering media! Foreign disinformation! This makes pessimism a communication problem. Fix the messaging, get the optimistic voices out there, and the support for A.I. will grow. Hang around any Reddit A.I. group or listen to recent college graduation speeches by tone-deaf tech execs, and you will feel as if there were already an entire gig economy of A.I. boosterism.",The New York Times,Web Publication,NA,NA,NA,NA
"July 08, 2026: M13 PEER LANDSCAPE: RECENT NEWS HIGHLIGHTS",2026-07-09T00:00:00Z,International,News Bites - Private Companies,News,1351,ANNOUNCEMENTS,1351,Australia,NA,NA,SUN HUNG KAI & CO LTD,SUN HUNG KAI & CO LTD,"July 08, 2026: M13 PEER LANDSCAPE: RECENT NEWS HIGHLIGHTS","July 08, 2026: M13 PEER LANDSCAPE: RECENT NEWS HIGHLIGHTS M13 General Partner Latif Peracha announced on April 15, 2025, the firm's decision to co-lead OpenFX 's Series A funding round, citing strategic alignment and the platform's growth potential in the digital asset space. Peracha expressed confidence in OpenFX 's approach to transforming the foreign exchange market, which has faced increasing demand for more efficient and transparent trading solutions. The funding round is designed to bolster OpenFX 's technological infrastructure and expand its market reach, positioning the platform as a competitive player in the evolving digital finance landscape. According to Peracha, OpenFX is well-equipped to address longstanding challenges faced by traders, including high fees and slow transaction times, by leveraging cutting-edge technology to deliver a seamless trading experience. M13's strategic guidance is expected to play a central role in executing OpenFX 's product expansion plans, with new features in development aimed at meeting the evolving needs of its user base. Peracha noted that M13's expertise in scaling technology companies provides a valuable resource for OpenFX as the digital currency ecosystem matures and partnerships become increasingly critical to navigating the financial landscape.",News Bites - Private Companies,Newswire,NA,NA,NA,NA
WNDRCO - UPDATED INSIGHTS FROM GENERAL CATALYST AND INDUSTRY PEERS,2026-07-10T00:00:00Z,International,News Bites - Private Companies,News,2244,STOCK,2244,Australia,NA,NA,ACCENTURE PLC,ACCENTURE PLC,WNDRCO - UPDATED INSIGHTS FROM GENERAL CATALYST AND INDUSTRY PEERS,"WNDRCO - UPDATED INSIGHTS FROM GENERAL CATALYST AND INDUSTRY PEERS DASHBOARD: WNDRCO PermID 5053437072 Website https://www.wndrco.com / Industry Holding Company - Investments ACTIVITIES: WndrCo, founded in 2017 by entrepreneur Jeffrey Katzenberg and former Disney executive David Ellison, is a Los Angeles -based holding company dedicated to acquiring control stakes in underappreciated technology firms and investing in innovative startups to accelerate their growth into market leaders. Its core business activities encompass strategic investments, operational enhancements, and scaling support across consumer and enterprise technology sectors, with a focus on lead institutional funding in post-product-market-fit rounds and seed-stage opportunities for next-generation entrepreneurs. Notable portfolio companies include Aura , offering comprehensive identity and financial protection services; Writer, an enterprise AI writing assistant; and Yassir, a leading ride-hailing and delivery platform in the Middle East and Africa . Among its fastest-growing segments, online security solutions-exemplified by Aura and Point Wild''s portfolio of protective brands-stand out for surging demand amid rising cyber threats, while enterprise AI tools like Writer are rapidly expanding, capitalizing on the global shift toward generative technologies and automation. Through these initiatives, WndrCo drives transformative value, fostering innovation and market dominance in high-potential domains. +   WNDRCO [2 News That Matters] +   IDILIO SECURES $5.5M SEED BACKING FROM WNDRCO TO ACCELERATE LATIN AMERICAN MICRODRAMA",News Bites - Private Companies,Newswire,NA,NA,NA,NA
WNDRCO - THE RECENT SECTOR HEADLINES WITH PEERS,2026-07-09T00:00:00Z,International,News Bites - Private Companies,News,3443,STOCK,3443,Australia,NA,NA,NETFLIX INC,NETFLIX INC,WNDRCO - THE RECENT SECTOR HEADLINES WITH PEERS,"WNDRCO - THE RECENT SECTOR HEADLINES WITH PEERS DASHBOARD: WNDRCO PermID 5053437072 Website https://www.wndrco.com / Industry Holding Company - Investments ACTIVITIES: WndrCo, founded in 2017 by entrepreneur Jeffrey Katzenberg and former Disney executive David Ellison, is a Los Angeles -based holding company dedicated to acquiring control stakes in underappreciated technology firms and investing in innovative startups to accelerate their growth into market leaders. Its core business activities encompass strategic investments, operational enhancements, and scaling support across consumer and enterprise technology sectors, with a focus on lead institutional funding in post-product-market-fit rounds and seed-stage opportunities for next-generation entrepreneurs. Notable portfolio companies include Aura , offering comprehensive identity and financial protection services; Writer, an enterprise AI writing assistant; and Yassir, a leading ride-hailing and delivery platform in the Middle East and Africa . Among its fastest-growing segments, online security solutions-exemplified by Aura and Point Wild''s portfolio of protective brands-stand out for surging demand amid rising cyber threats, while enterprise AI tools like Writer are rapidly expanding, capitalizing on the global shift toward generative technologies and automation. Through these initiatives, WndrCo drives transformative value, fostering innovation and market dominance in high-potential domains. + WNDRCO [2 News That Matters] + WNDRCO BACKS IDILIO'S INNOVATIVE MICRODRAMA PLATFORM WITH $5.5M SEED FUNDING",News Bites - Private Companies,Newswire,NA,NA,NA,NA
M13 - RECENT NEWS FROM GENERAL CATALYST AND INDUSTRY PEERS,2026-07-07T00:00:00Z,International,News Bites - Private Companies,News,2385,STOCK,2385,Australia,NA,NA,STACK INFRASTRUCTURE INC,STACK INFRASTRUCTURE INC,M13 - RECENT NEWS FROM GENERAL CATALYST AND INDUSTRY PEERS,"M13 - RECENT NEWS FROM GENERAL CATALYST AND INDUSTRY PEERS DASHBOARD: M13 PermID 5060022710 Website https://www.m13.co / Industry Venture Capital ACTIVITIES: M13 is an early-stage venture capital firm dedicated to partnering with visionary founders to build and scale disruptive software companies through seed and Series A investments. Established by brothers Carter and Courtney Reum, the firm operates as a full-stack collaborator, leveraging a team of full-time operators to provide strategic guidance, operational support, and resources that enable efficient growth and the creation of category-defining enterprises. With a portfolio spanning innovative software solutions, M13 emphasizes sectors poised for transformative impact. Among its fastest-growing segments are AI-driven technologies, including AI matchmaking applications that revolutionize modern dating, AI-powered platforms for global HR compliance and payroll optimization, and scalable AI agents enhancing enterprise customer experience. This targeted focus on artificial intelligence underscores M13''s commitment to fostering high-potential innovations that address evolving market demands and drive sustainable value creation. + M13 [3 News That Matters] + GIVAUDAN UNVEILS SCENTAURUS M13: DATA-DRIVEN BREAKTHROUGH IN PET ODOR MANAGEMENT",News Bites - Private Companies,Newswire,NA,NA,NA,NA
WNDRCO - SECTOR UPDATES FROM PEERS,2026-07-10T00:00:00Z,International,News Bites - Private Companies,News,3443,STOCK,3443,Australia,NA,NA,NETFLIX INC,NETFLIX INC,WNDRCO - SECTOR UPDATES FROM PEERS,"WNDRCO - SECTOR UPDATES FROM PEERS DASHBOARD: WNDRCO PermID 5053437072 Website https://www.wndrco.com / Industry Holding Company - Investments ACTIVITIES: WndrCo, founded in 2017 by entrepreneur Jeffrey Katzenberg and former Disney executive David Ellison, is a Los Angeles -based holding company dedicated to acquiring control stakes in underappreciated technology firms and investing in innovative startups to accelerate their growth into market leaders. Its core business activities encompass strategic investments, operational enhancements, and scaling support across consumer and enterprise technology sectors, with a focus on lead institutional funding in post-product-market-fit rounds and seed-stage opportunities for next-generation entrepreneurs. Notable portfolio companies include Aura , offering comprehensive identity and financial protection services; Writer, an enterprise AI writing assistant; and Yassir, a leading ride-hailing and delivery platform in the Middle East and Africa . Among its fastest-growing segments, online security solutions-exemplified by Aura and Point Wild''s portfolio of protective brands-stand out for surging demand amid rising cyber threats, while enterprise AI tools like Writer are rapidly expanding, capitalizing on the global shift toward generative technologies and automation. Through these initiatives, WndrCo drives transformative value, fostering innovation and market dominance in high-potential domains. + WNDRCO [2 News That Matters] + WNDRCO BACKS IDILIO'S INNOVATIVE MICRODRAMA PLATFORM WITH $5.5M SEED FUNDING",News Bites - Private Companies,Newswire,NA,NA,NA,NA
WNDRCO - THE RECENT SECTOR HEADLINES WITH PEERS,2026-07-09T00:00:00Z,International,News Bites - Private Companies,News,3443,STOCK,3443,Australia,NA,NA,NETFLIX INC,NETFLIX INC,WNDRCO - THE RECENT SECTOR HEADLINES WITH PEERS,"WNDRCO - THE RECENT SECTOR HEADLINES WITH PEERS DASHBOARD: WNDRCO PermID 5053437072 Website https://www.wndrco.com / Industry Holding Company - Investments ACTIVITIES: WndrCo, founded in 2017 by entrepreneur Jeffrey Katzenberg and former Disney executive David Ellison, is a Los Angeles -based holding company dedicated to acquiring control stakes in underappreciated technology firms and investing in innovative startups to accelerate their growth into market leaders. Its core business activities encompass strategic investments, operational enhancements, and scaling support across consumer and enterprise technology sectors, with a focus on lead institutional funding in post-product-market-fit rounds and seed-stage opportunities for next-generation entrepreneurs. Notable portfolio companies include Aura , offering comprehensive identity and financial protection services; Writer, an enterprise AI writing assistant; and Yassir, a leading ride-hailing and delivery platform in the Middle East and Africa . Among its fastest-growing segments, online security solutions-exemplified by Aura and Point Wild''s portfolio of protective brands-stand out for surging demand amid rising cyber threats, while enterprise AI tools like Writer are rapidly expanding, capitalizing on the global shift toward generative technologies and automation. Through these initiatives, WndrCo drives transformative value, fostering innovation and market dominance in high-potential domains. + WNDRCO [2 News That Matters] + WNDRCO BACKS IDILIO'S INNOVATIVE MICRODRAMA PLATFORM WITH $5.5M SEED FUNDING",News Bites - Private Companies,Newswire,NA,NA,NA,NA
Earzz & Royal Association For Deaf People Join To Revolutionise Alerting Technology For Deaf & Hard Of Hearing People,2023-12-22T00:00:00Z,International,MENAFN - Press Releases (English),News,878,NA,878,Middle East,NA,NA,PIONEER PE HOLDING LLC,PIONEER PE HOLDING LLC,Earzz & Royal Association For Deaf People Join To Revolutionise Alerting Technology For Deaf & Hard Of Hearing People,"Earzz & Royal Association For Deaf People Join To Revolutionise Alerting Technology For Deaf & Hard Of Hearing People Link to Story Earzz and Royal Association for Deaf People (RAD) Join Forces to Revolutionise Alerting Technology for Deaf and Hard of Hearing people Earzz's groundbreaking technology goes beyond traditional alerting devices, by combining cutting-edge proprietary sound-recognition AI technology with smart alerting capabilities to help deaf people Earzz logo LONDON, UNITED KINGDOM, December 22, 2023EINPresswire -- Earzz , a pioneer in AI-powered alerting solutions, and the Royal Association for Deaf people (RAD) , one of the UK's oldest and most established deaf charities, announce a strategic partnership to make innovative alerting technology for deaf and hard-of-hearing people more accessible.",MENAFN - Press Releases (English),Web Publication,NA,NA,NA,NA
M13 - COMPREHENSIVE NEWS FROM INDUSTRY AND ITS PEERS,2026-07-09T00:00:00Z,International,News Bites - Private Companies,News,2385,STOCK,2385,Australia,NA,NA,STACK INFRASTRUCTURE INC,STACK INFRASTRUCTURE INC,M13 - COMPREHENSIVE NEWS FROM INDUSTRY AND ITS PEERS,"M13 - COMPREHENSIVE NEWS FROM INDUSTRY AND ITS PEERS DASHBOARD: M13 PermID 5060022710 Website https://www.m13.co / Industry Venture Capital ACTIVITIES: M13 is an early-stage venture capital firm dedicated to partnering with visionary founders to build and scale disruptive software companies through seed and Series A investments. Established by brothers Carter and Courtney Reum, the firm operates as a full-stack collaborator, leveraging a team of full-time operators to provide strategic guidance, operational support, and resources that enable efficient growth and the creation of category-defining enterprises. With a portfolio spanning innovative software solutions, M13 emphasizes sectors poised for transformative impact. Among its fastest-growing segments are AI-driven technologies, including AI matchmaking applications that revolutionize modern dating, AI-powered platforms for global HR compliance and payroll optimization, and scalable AI agents enhancing enterprise customer experience. This targeted focus on artificial intelligence underscores M13''s commitment to fostering high-potential innovations that address evolving market demands and drive sustainable value creation. + M13 [3 News That Matters] + GIVAUDAN UNVEILS SCENTAURUS M13: DATA-DRIVEN BREAKTHROUGH IN PET ODOR MANAGEMENT",News Bites - Private Companies,Newswire,NA,NA,NA,NA
WNDRCO - RECENT NEWS FROM GENERAL CATALYST AND INDUSTRY PEERS,2026-07-07T00:00:00Z,International,News Bites - Private Companies,News,2244,STOCK,2244,Australia,NA,NA,ACCENTURE PLC,ACCENTURE PLC,WNDRCO - RECENT NEWS FROM GENERAL CATALYST AND INDUSTRY PEERS,"WNDRCO - RECENT NEWS FROM GENERAL CATALYST AND INDUSTRY PEERS DASHBOARD: WNDRCO PermID 5053437072 Website https://www.wndrco.com / Industry Holding Company - Investments ACTIVITIES: WndrCo, founded in 2017 by entrepreneur Jeffrey Katzenberg and former Disney executive David Ellison, is a Los Angeles -based holding company dedicated to acquiring control stakes in underappreciated technology firms and investing in innovative startups to accelerate their growth into market leaders. Its core business activities encompass strategic investments, operational enhancements, and scaling support across consumer and enterprise technology sectors, with a focus on lead institutional funding in post-product-market-fit rounds and seed-stage opportunities for next-generation entrepreneurs. Notable portfolio companies include Aura , offering comprehensive identity and financial protection services; Writer, an enterprise AI writing assistant; and Yassir, a leading ride-hailing and delivery platform in the Middle East and Africa . Among its fastest-growing segments, online security solutions-exemplified by Aura and Point Wild''s portfolio of protective brands-stand out for surging demand amid rising cyber threats, while enterprise AI tools like Writer are rapidly expanding, capitalizing on the global shift toward generative technologies and automation. Through these initiatives, WndrCo drives transformative value, fostering innovation and market dominance in high-potential domains. +   WNDRCO [2 News That Matters] +   IDILIO SECURES $5.5M SEED BACKING FROM WNDRCO TO ACCELERATE LATIN AMERICAN MICRODRAMA",News Bites - Private Companies,Newswire,NA,NA,NA,NA
"July 04, 2026: GENERAL CATALYST PEER GROUP UPDATE: KEY RECENT NEWS",2026-07-07T00:00:00Z,International,News Bites - Private Companies,News,2210,ANNOUNCEMENTS,2210,Australia,NA,NA,JANUS HENDERSON GROUP PLC,JANUS HENDERSON GROUP PLC,"July 04, 2026: GENERAL CATALYST PEER GROUP UPDATE: KEY RECENT NEWS","July 04, 2026: GENERAL CATALYST PEER GROUP UPDATE: KEY RECENT NEWS General Catalyst, the Cambridge, Massachusetts -based global investment and transformation firm founded in 2000, continues to make headlines alongside its venture capital peers, with a series of significant transactions and portfolio developments spanning the final weeks of June 2025. Managing over $30 billion in assets and with a portfolio that includes transformative companies such as Airbnb and Stripe, General Catalyst has been at the center of deals spanning asset management privatization, children's AI infrastructure, and accessibility technology. Meanwhile, peers Andreessen Horowitz, Sequoia Capital , and Accel have each recorded notable investment activity of their own across healthcare AI, blockchain privacy, fintech, gaming, and hardware.",News Bites - Private Companies,Newswire,NA,NA,NA,NA
M13 - THE RECENT SECTOR NEWS INCLUDING PEERS,2026-07-08T00:00:00Z,International,News Bites - Private Companies,News,3885,STOCK,3885,Australia,NA,NA,GIVAUDAN SA,GIVAUDAN SA,M13 - THE RECENT SECTOR NEWS INCLUDING PEERS,"M13 - THE RECENT SECTOR NEWS INCLUDING PEERS DASHBOARD: M13 PermID 5060022710 Website https://www.m13.co / Industry Venture Capital ACTIVITIES: M13 is an early-stage venture capital firm dedicated to partnering with visionary founders to build and scale disruptive software companies through seed and Series A investments. Established by brothers Carter and Courtney Reum, the firm operates as a full-stack collaborator, leveraging a team of full-time operators to provide strategic guidance, operational support, and resources that enable efficient growth and the creation of category-defining enterprises. With a portfolio spanning innovative software solutions, M13 emphasizes sectors poised for transformative impact. Among its fastest-growing segments are AI-driven technologies, including AI matchmaking applications that revolutionize modern dating, AI-powered platforms for global HR compliance and payroll optimization, and scalable AI agents enhancing enterprise customer experience. This targeted focus on artificial intelligence underscores M13''s commitment to fostering high-potential innovations that address evolving market demands and drive sustainable value creation. + M13 [3 News That Matters] + GIVAUDAN S.A. LAUNCHES SCENTAURUS M13: A BREAKTHROUGH IN PET ODOR CONTROL",News Bites - Private Companies,Newswire,NA,NA,NA,NA
WNDRCO - THE RECENT HEADLINES WITH PEER NEWS,2026-07-07T00:00:00Z,International,News Bites - Private Companies,News,3443,STOCK,3443,Australia,NA,NA,NETFLIX INC,NETFLIX INC,WNDRCO - THE RECENT HEADLINES WITH PEER NEWS,"WNDRCO - THE RECENT HEADLINES WITH PEER NEWS DASHBOARD: WNDRCO PermID 5053437072 Website https://www.wndrco.com / Industry Holding Company - Investments ACTIVITIES: WndrCo, founded in 2017 by entrepreneur Jeffrey Katzenberg and former Disney executive David Ellison, is a Los Angeles -based holding company dedicated to acquiring control stakes in underappreciated technology firms and investing in innovative startups to accelerate their growth into market leaders. Its core business activities encompass strategic investments, operational enhancements, and scaling support across consumer and enterprise technology sectors, with a focus on lead institutional funding in post-product-market-fit rounds and seed-stage opportunities for next-generation entrepreneurs. Notable portfolio companies include Aura , offering comprehensive identity and financial protection services; Writer, an enterprise AI writing assistant; and Yassir, a leading ride-hailing and delivery platform in the Middle East and Africa . Among its fastest-growing segments, online security solutions-exemplified by Aura and Point Wild''s portfolio of protective brands-stand out for surging demand amid rising cyber threats, while enterprise AI tools like Writer are rapidly expanding, capitalizing on the global shift toward generative technologies and automation. Through these initiatives, WndrCo drives transformative value, fostering innovation and market dominance in high-potential domains. + WNDRCO [2 News That Matters] + WNDRCO BACKS IDILIO'S INNOVATIVE MICRODRAMA PLATFORM WITH $5.5M SEED FUNDING",News Bites - Private Companies,Newswire,NA,NA,NA,NA
M13 - SECTOR UPDATES FROM PEERS,2026-07-10T00:00:00Z,International,News Bites - Private Companies,News,3885,STOCK,3885,Australia,NA,NA,GIVAUDAN SA,GIVAUDAN SA,M13 - SECTOR UPDATES FROM PEERS,"M13 - SECTOR UPDATES FROM PEERS DASHBOARD: M13 PermID 5060022710 Website https://www.m13.co / Industry Venture Capital ACTIVITIES: M13 is an early-stage venture capital firm dedicated to partnering with visionary founders to build and scale disruptive software companies through seed and Series A investments. Established by brothers Carter and Courtney Reum, the firm operates as a full-stack collaborator, leveraging a team of full-time operators to provide strategic guidance, operational support, and resources that enable efficient growth and the creation of category-defining enterprises. With a portfolio spanning innovative software solutions, M13 emphasizes sectors poised for transformative impact. Among its fastest-growing segments are AI-driven technologies, including AI matchmaking applications that revolutionize modern dating, AI-powered platforms for global HR compliance and payroll optimization, and scalable AI agents enhancing enterprise customer experience. This targeted focus on artificial intelligence underscores M13''s commitment to fostering high-potential innovations that address evolving market demands and drive sustainable value creation. + M13 [3 News That Matters] + GIVAUDAN S.A. LAUNCHES SCENTAURUS M13: A BREAKTHROUGH IN PET ODOR CONTROL",News Bites - Private Companies,Newswire,NA,NA,NA,NA
"July 06, 2026: GENERAL CATALYST AND PEERS: CURATED NEWS ROUNDUP",2026-07-07T00:00:00Z,International,News Bites - Private Companies,News,2256,ANNOUNCEMENTS,2256,Australia,NA,NA,JANUS HENDERSON GROUP PLC,JANUS HENDERSON GROUP PLC,"July 06, 2026: GENERAL CATALYST AND PEERS: CURATED NEWS ROUNDUP","July 06, 2026: GENERAL CATALYST AND PEERS: CURATED NEWS ROUNDUP General Catalyst completed a landmark transaction on June 30, 2025, as Janus Henderson Group Ltd. finalized its take-private deal involving Trian Fund Management , General Catalyst Group Management , and Qatar Investment Authority . Under the terms of the agreement, Janus Henderson's public shares were converted into cash at $52.00 per share and subsequently delisted from the New York Stock Exchange . The firm will continue operating under its current management structure, with Ali Dibadj remaining at the helm as Chief Executive Officer, maintaining operational bases in London and Denver . Dibadj described the transition as a transformative chapter for the firm, citing the opportunity to deepen its legacy in asset management through partnership with Trian and General Catalyst . Nelson Peltz, CEO of Trian , acknowledged the progress Janus Henderson had made since Trian 's initial investment in 2020. General Catalyst 's CEO Hemant Taneja stated the firm's commitment to enhancing Janus Henderson's technological capabilities and overall growth strategy. The transaction was supported by a broad investor group that included MassMutual and Sun Hung Kai & Co. , with legal and financial advisory services provided by leading industry firms.",News Bites - Private Companies,Newswire,NA,NA,NA,NA
M13 - INDUSTRY DEVELOPMENTS INCLUDING GENERAL CATALYST AND PEERS,2026-07-06T00:00:00Z,International,News Bites - Private Companies,News,2385,STOCK,2385,Australia,NA,NA,STACK INFRASTRUCTURE INC,STACK INFRASTRUCTURE INC,M13 - INDUSTRY DEVELOPMENTS INCLUDING GENERAL CATALYST AND PEERS,"M13 - INDUSTRY DEVELOPMENTS INCLUDING GENERAL CATALYST AND PEERS DASHBOARD: M13 PermID 5060022710 Website https://www.m13.co / Industry Venture Capital ACTIVITIES: M13 is an early-stage venture capital firm dedicated to partnering with visionary founders to build and scale disruptive software companies through seed and Series A investments. Established by brothers Carter and Courtney Reum, the firm operates as a full-stack collaborator, leveraging a team of full-time operators to provide strategic guidance, operational support, and resources that enable efficient growth and the creation of category-defining enterprises. With a portfolio spanning innovative software solutions, M13 emphasizes sectors poised for transformative impact. Among its fastest-growing segments are AI-driven technologies, including AI matchmaking applications that revolutionize modern dating, AI-powered platforms for global HR compliance and payroll optimization, and scalable AI agents enhancing enterprise customer experience. This targeted focus on artificial intelligence underscores M13''s commitment to fostering high-potential innovations that address evolving market demands and drive sustainable value creation. + M13 [3 News That Matters] + GIVAUDAN UNVEILS SCENTAURUS M13: DATA-DRIVEN BREAKTHROUGH IN PET ODOR MANAGEMENT",News Bites - Private Companies,Newswire,NA,NA,NA,NA
M13 - NEWS AND TRENDS FROM GENERAL CATALYST AND ITS PEERS,2026-07-02T00:00:00Z,International,News Bites - Private Companies,News,2273,STOCK,2273,Australia,NA,NA,STACK INFRASTRUCTURE INC,STACK INFRASTRUCTURE INC,M13 - NEWS AND TRENDS FROM GENERAL CATALYST AND ITS PEERS,"M13 - NEWS AND TRENDS FROM GENERAL CATALYST AND ITS PEERS DASHBOARD: M13 PermID 5060022710 Website https://www.m13.co / Industry Venture Capital ACTIVITIES: M13 is an early-stage venture capital firm dedicated to partnering with visionary founders to build and scale disruptive software companies through seed and Series A investments. Established by brothers Carter and Courtney Reum, the firm operates as a full-stack collaborator, leveraging a team of full-time operators to provide strategic guidance, operational support, and resources that enable efficient growth and the creation of category-defining enterprises. With a portfolio spanning innovative software solutions, M13 emphasizes sectors poised for transformative impact. Among its fastest-growing segments are AI-driven technologies, including AI matchmaking applications that revolutionize modern dating, AI-powered platforms for global HR compliance and payroll optimization, and scalable AI agents enhancing enterprise customer experience. This targeted focus on artificial intelligence underscores M13''s commitment to fostering high-potential innovations that address evolving market demands and drive sustainable value creation. + M13 [2 News That Matters] + CREATIVE BIOLABS UNVEILS ENHANCED LAMBDA AND M13 PHAGE LIBRARIES FOR GENE DISCOVERY",News Bites - Private Companies,Newswire,NA,NA,NA,NA
M13 - COMPLETE SECTOR & INDUSTRY UPDATES: GENERAL CATALYST AND PEERS,2026-06-30T00:00:00Z,International,News Bites - Private Companies,News,2273,STOCK,2273,Australia,NA,NA,STACK INFRASTRUCTURE INC,STACK INFRASTRUCTURE INC,M13 - COMPLETE SECTOR & INDUSTRY UPDATES: GENERAL CATALYST AND PEERS,"M13 - COMPLETE SECTOR & INDUSTRY UPDATES: GENERAL CATALYST AND PEERS DASHBOARD: M13 PermID 5060022710 Website https://www.m13.co / Industry Venture Capital ACTIVITIES: M13 is an early-stage venture capital firm dedicated to partnering with visionary founders to build and scale disruptive software companies through seed and Series A investments. Established by brothers Carter and Courtney Reum, the firm operates as a full-stack collaborator, leveraging a team of full-time operators to provide strategic guidance, operational support, and resources that enable efficient growth and the creation of category-defining enterprises. With a portfolio spanning innovative software solutions, M13 emphasizes sectors poised for transformative impact. Among its fastest-growing segments are AI-driven technologies, including AI matchmaking applications that revolutionize modern dating, AI-powered platforms for global HR compliance and payroll optimization, and scalable AI agents enhancing enterprise customer experience. This targeted focus on artificial intelligence underscores M13''s commitment to fostering high-potential innovations that address evolving market demands and drive sustainable value creation. + M13 [2 News That Matters] + CREATIVE BIOLABS UNVEILS ENHANCED LAMBDA AND M13 PHAGE LIBRARIES FOR GENE DISCOVERY",News Bites - Private Companies,Newswire,NA,NA,NA,NA
M13 - CURRENT NEWS FROM GENERAL CATALYST AND ITS PEERS,2026-07-01T00:00:00Z,International,News Bites - Private Companies,News,2273,STOCK,2273,Australia,NA,NA,STACK INFRASTRUCTURE INC,STACK INFRASTRUCTURE INC,M13 - CURRENT NEWS FROM GENERAL CATALYST AND ITS PEERS,"M13 - CURRENT NEWS FROM GENERAL CATALYST AND ITS PEERS DASHBOARD: M13 PermID 5060022710 Website https://www.m13.co / Industry Venture Capital ACTIVITIES: M13 is an early-stage venture capital firm dedicated to partnering with visionary founders to build and scale disruptive software companies through seed and Series A investments. Established by brothers Carter and Courtney Reum, the firm operates as a full-stack collaborator, leveraging a team of full-time operators to provide strategic guidance, operational support, and resources that enable efficient growth and the creation of category-defining enterprises. With a portfolio spanning innovative software solutions, M13 emphasizes sectors poised for transformative impact. Among its fastest-growing segments are AI-driven technologies, including AI matchmaking applications that revolutionize modern dating, AI-powered platforms for global HR compliance and payroll optimization, and scalable AI agents enhancing enterprise customer experience. This targeted focus on artificial intelligence underscores M13''s commitment to fostering high-potential innovations that address evolving market demands and drive sustainable value creation. + M13 [2 News That Matters] + CREATIVE BIOLABS UNVEILS ENHANCED LAMBDA AND M13 PHAGE LIBRARIES FOR GENE DISCOVERY",News Bites - Private Companies,Newswire,NA,NA,NA,NA
M13 - PEER REPORTS: THE RECENT SECTOR DEVELOPMENTS,2026-06-24T00:00:00Z,International,News Bites - Private Companies,News,2273,STOCK,2273,Australia,NA,NA,STACK INFRASTRUCTURE INC,STACK INFRASTRUCTURE INC,M13 - PEER REPORTS: THE RECENT SECTOR DEVELOPMENTS,"M13 - PEER REPORTS: THE RECENT SECTOR DEVELOPMENTS DASHBOARD: M13 PermID 5060022710 Website https://www.m13.co / Industry Venture Capital ACTIVITIES: M13 is an early-stage venture capital firm dedicated to partnering with visionary founders to build and scale disruptive software companies through seed and Series A investments. Established by brothers Carter and Courtney Reum, the firm operates as a full-stack collaborator, leveraging a team of full-time operators to provide strategic guidance, operational support, and resources that enable efficient growth and the creation of category-defining enterprises. With a portfolio spanning innovative software solutions, M13 emphasizes sectors poised for transformative impact. Among its fastest-growing segments are AI-driven technologies, including AI matchmaking applications that revolutionize modern dating, AI-powered platforms for global HR compliance and payroll optimization, and scalable AI agents enhancing enterprise customer experience. This targeted focus on artificial intelligence underscores M13''s commitment to fostering high-potential innovations that address evolving market demands and drive sustainable value creation. + M13 [2 News That Matters] + CREATIVE BIOLABS UNVEILS ENHANCED LAMBDA AND M13 PHAGE LIBRARIES FOR GENE DISCOVERY",News Bites - Private Companies,Newswire,NA,NA,NA,NA
M13 - GENERAL CATALYST AND PEER NEWS: SECTOR AND INDUSTRY UPDATES,2026-06-23T00:00:00Z,International,News Bites - Private Companies,News,2273,STOCK,2273,Australia,NA,NA,STACK INFRASTRUCTURE INC,STACK INFRASTRUCTURE INC,M13 - GENERAL CATALYST AND PEER NEWS: SECTOR AND INDUSTRY UPDATES,"M13 - GENERAL CATALYST AND PEER NEWS: SECTOR AND INDUSTRY UPDATES DASHBOARD: M13 PermID 5060022710 Website https://www.m13.co / Industry Venture Capital ACTIVITIES: M13 is an early-stage venture capital firm dedicated to partnering with visionary founders to build and scale disruptive software companies through seed and Series A investments. Established by brothers Carter and Courtney Reum, the firm operates as a full-stack collaborator, leveraging a team of full-time operators to provide strategic guidance, operational support, and resources that enable efficient growth and the creation of category-defining enterprises. With a portfolio spanning innovative software solutions, M13 emphasizes sectors poised for transformative impact. Among its fastest-growing segments are AI-driven technologies, including AI matchmaking applications that revolutionize modern dating, AI-powered platforms for global HR compliance and payroll optimization, and scalable AI agents enhancing enterprise customer experience. This targeted focus on artificial intelligence underscores M13''s commitment to fostering high-potential innovations that address evolving market demands and drive sustainable value creation. + M13 [2 News That Matters] + CREATIVE BIOLABS UNVEILS ENHANCED LAMBDA AND M13 PHAGE LIBRARIES FOR GENE DISCOVERY",News Bites - Private Companies,Newswire,NA,NA,NA,NA
"July 04, 2026: GENERAL CATALYST PEER GROUP UPDATE: KEY RECENT NEWS",2026-07-07T00:00:00Z,International,News Bites - Private Companies,News,1977,ANNOUNCEMENTS,1977,Australia,NA,NA,SUN HUNG KAI & CO LTD,SUN HUNG KAI & CO LTD,"July 04, 2026: GENERAL CATALYST PEER GROUP UPDATE: KEY RECENT NEWS","July 04, 2026: GENERAL CATALYST PEER GROUP UPDATE: KEY RECENT NEWS General Catalyst, the Cambridge, Massachusetts -based global investment and transformation firm managing over $30 billion in assets, continued to make headlines alongside peers Andreessen Horowitz, Sequoia Capital , and Accel in a series of notable developments spanning funding rounds, strategic partnerships, and high-profile market moves. On June 30, 2025, Janus Henderson Group completed its take-private transaction with Trian Fund Management , General Catalyst Group Management , and Qatar Investment Authority . Public shares were converted into cash at $52.00 per share and subsequently delisted from the New York Stock Exchange . The firm, which maintains operational bases in London and Denver , will continue under the leadership of Chief Executive Officer Ali Dibadj, who described the transition as a transformative new chapter focused on long-term investments in technology, talent development, and enhanced client services. General Catalyst CEO Hemant Taneja stated the firm's commitment to strengthening Janus Henderson's technological capabilities and overall growth strategy, while Trian CEO Nelson Peltz cited the significant progress Janus Henderson has achieved since Trian 's initial investment in 2020. The transaction was supported by global investors including MassMutual and Sun Hung Kai & Co.",News Bites - Private Companies,Newswire,NA,NA,NA,NA
M13 - THE RECENT SECTOR NEWS INCLUDING PEERS,2026-07-08T00:00:00Z,International,News Bites - Private Companies,News,3885,STOCK,3885,Australia,NA,NA,GIVAUDAN SA,GIVAUDAN SA,M13 - THE RECENT SECTOR NEWS INCLUDING PEERS,"M13 - THE RECENT SECTOR NEWS INCLUDING PEERS DASHBOARD: M13 PermID 5060022710 Website https://www.m13.co / Industry Venture Capital ACTIVITIES: M13 is an early-stage venture capital firm dedicated to partnering with visionary founders to build and scale disruptive software companies through seed and Series A investments. Established by brothers Carter and Courtney Reum, the firm operates as a full-stack collaborator, leveraging a team of full-time operators to provide strategic guidance, operational support, and resources that enable efficient growth and the creation of category-defining enterprises. With a portfolio spanning innovative software solutions, M13 emphasizes sectors poised for transformative impact. Among its fastest-growing segments are AI-driven technologies, including AI matchmaking applications that revolutionize modern dating, AI-powered platforms for global HR compliance and payroll optimization, and scalable AI agents enhancing enterprise customer experience. This targeted focus on artificial intelligence underscores M13''s commitment to fostering high-potential innovations that address evolving market demands and drive sustainable value creation. + M13 [3 News That Matters] + GIVAUDAN S.A. LAUNCHES SCENTAURUS M13: A BREAKTHROUGH IN PET ODOR CONTROL",News Bites - Private Companies,Newswire,NA,NA,NA,NA
M13 - THE RECENT SECTOR HEADLINES WITH PEERS,2026-07-09T00:00:00Z,International,News Bites - Private Companies,News,3885,STOCK,3885,Australia,NA,NA,GIVAUDAN SA,GIVAUDAN SA,M13 - THE RECENT SECTOR HEADLINES WITH PEERS,"M13 - THE RECENT SECTOR HEADLINES WITH PEERS DASHBOARD: M13 PermID 5060022710 Website https://www.m13.co / Industry Venture Capital ACTIVITIES: M13 is an early-stage venture capital firm dedicated to partnering with visionary founders to build and scale disruptive software companies through seed and Series A investments. Established by brothers Carter and Courtney Reum, the firm operates as a full-stack collaborator, leveraging a team of full-time operators to provide strategic guidance, operational support, and resources that enable efficient growth and the creation of category-defining enterprises. With a portfolio spanning innovative software solutions, M13 emphasizes sectors poised for transformative impact. Among its fastest-growing segments are AI-driven technologies, including AI matchmaking applications that revolutionize modern dating, AI-powered platforms for global HR compliance and payroll optimization, and scalable AI agents enhancing enterprise customer experience. This targeted focus on artificial intelligence underscores M13''s commitment to fostering high-potential innovations that address evolving market demands and drive sustainable value creation. + M13 [3 News That Matters] + GIVAUDAN S.A. LAUNCHES SCENTAURUS M13: A BREAKTHROUGH IN PET ODOR CONTROL",News Bites - Private Companies,Newswire,NA,NA,NA,NA
WNDRCO - RECENT DEVELOPMENTS IN INDUSTRY FROM GENERAL CATALYST AND PEERS,2026-06-22T00:00:00Z,International,News Bites - Private Companies,News,2358,STOCK,2358,Australia,NA,NA,ACCENTURE PLC,ACCENTURE PLC,WNDRCO - RECENT DEVELOPMENTS IN INDUSTRY FROM GENERAL CATALYST AND PEERS,"WNDRCO - RECENT DEVELOPMENTS IN INDUSTRY FROM GENERAL CATALYST AND PEERS DASHBOARD: WNDRCO PermID 5053437072 Website https://www.wndrco.com / Industry Holding Company - Investments ACTIVITIES: WndrCo, founded in 2017 by entrepreneur Jeffrey Katzenberg and former Disney executive David Ellison, is a Los Angeles -based holding company dedicated to acquiring control stakes in underappreciated technology firms and investing in innovative startups to accelerate their growth into market leaders. Its core business activities encompass strategic investments, operational enhancements, and scaling support across consumer and enterprise technology sectors, with a focus on lead institutional funding in post-product-market-fit rounds and seed-stage opportunities for next-generation entrepreneurs. Notable portfolio companies include Aura , offering comprehensive identity and financial protection services; Writer, an enterprise AI writing assistant; and Yassir, a leading ride-hailing and delivery platform in the Middle East and Africa . Among its fastest-growing segments, online security solutions-exemplified by Aura and Point Wild''s portfolio of protective brands-stand out for surging demand amid rising cyber threats, while enterprise AI tools like Writer are rapidly expanding, capitalizing on the global shift toward generative technologies and automation. Through these initiatives, WndrCo drives transformative value, fostering innovation and market dominance in high-potential domains. +   WNDRCO [2 News That Matters] +   IDILIO SECURES $5.5M SEED BACKING FROM WNDRCO TO ACCELERATE LATIN AMERICAN MICRODRAMA",News Bites - Private Companies,Newswire,NA,NA,NA,NA
M13 - THE RECENT SECTOR HEADLINES WITH PEERS,2026-07-09T00:00:00Z,International,News Bites - Private Companies,News,3885,STOCK,3885,Australia,NA,NA,GIVAUDAN SA,GIVAUDAN SA,M13 - THE RECENT SECTOR HEADLINES WITH PEERS,"M13 - THE RECENT SECTOR HEADLINES WITH PEERS DASHBOARD: M13 PermID 5060022710 Website https://www.m13.co / Industry Venture Capital ACTIVITIES: M13 is an early-stage venture capital firm dedicated to partnering with visionary founders to build and scale disruptive software companies through seed and Series A investments. Established by brothers Carter and Courtney Reum, the firm operates as a full-stack collaborator, leveraging a team of full-time operators to provide strategic guidance, operational support, and resources that enable efficient growth and the creation of category-defining enterprises. With a portfolio spanning innovative software solutions, M13 emphasizes sectors poised for transformative impact. Among its fastest-growing segments are AI-driven technologies, including AI matchmaking applications that revolutionize modern dating, AI-powered platforms for global HR compliance and payroll optimization, and scalable AI agents enhancing enterprise customer experience. This targeted focus on artificial intelligence underscores M13''s commitment to fostering high-potential innovations that address evolving market demands and drive sustainable value creation. + M13 [3 News That Matters] + GIVAUDAN S.A. LAUNCHES SCENTAURUS M13: A BREAKTHROUGH IN PET ODOR CONTROL",News Bites - Private Companies,Newswire,NA,NA,NA,NA
WNDRCO - INDUSTRY DEVELOPMENTS INCLUDING GENERAL CATALYST AND PEERS,2026-07-06T00:00:00Z,International,News Bites - Private Companies,News,2379,STOCK,2379,Australia,NA,NA,ACCENTURE PLC,ACCENTURE PLC,WNDRCO - INDUSTRY DEVELOPMENTS INCLUDING GENERAL CATALYST AND PEERS,"WNDRCO - INDUSTRY DEVELOPMENTS INCLUDING GENERAL CATALYST AND PEERS DASHBOARD: WNDRCO PermID 5053437072 Website https://www.wndrco.com / Industry Holding Company - Investments ACTIVITIES: WndrCo, founded in 2017 by entrepreneur Jeffrey Katzenberg and former Disney executive David Ellison, is a Los Angeles -based holding company dedicated to acquiring control stakes in underappreciated technology firms and investing in innovative startups to accelerate their growth into market leaders. Its core business activities encompass strategic investments, operational enhancements, and scaling support across consumer and enterprise technology sectors, with a focus on lead institutional funding in post-product-market-fit rounds and seed-stage opportunities for next-generation entrepreneurs. Notable portfolio companies include Aura , offering comprehensive identity and financial protection services; Writer, an enterprise AI writing assistant; and Yassir, a leading ride-hailing and delivery platform in the Middle East and Africa . Among its fastest-growing segments, online security solutions-exemplified by Aura and Point Wild''s portfolio of protective brands-stand out for surging demand amid rising cyber threats, while enterprise AI tools like Writer are rapidly expanding, capitalizing on the global shift toward generative technologies and automation. Through these initiatives, WndrCo drives transformative value, fostering innovation and market dominance in high-potential domains. + WNDRCO [2 News That Matters] + IDILIO SECURES $5.5M SEED BACKING FROM WNDRCO TO ACCELERATE LATIN AMERICAN MICRODRAMA",News Bites - Private Companies,Newswire,NA,NA,NA,NA
M13 - RECENT DEVELOPMENTS IN INDUSTRY FROM GENERAL CATALYST AND PEERS,2026-06-22T00:00:00Z,International,News Bites - Private Companies,News,2273,STOCK,2273,Australia,NA,NA,STACK INFRASTRUCTURE INC,STACK INFRASTRUCTURE INC,M13 - RECENT DEVELOPMENTS IN INDUSTRY FROM GENERAL CATALYST AND PEERS,"M13 - RECENT DEVELOPMENTS IN INDUSTRY FROM GENERAL CATALYST AND PEERS DASHBOARD: M13 PermID 5060022710 Website https://www.m13.co / Industry Venture Capital ACTIVITIES: M13 is an early-stage venture capital firm dedicated to partnering with visionary founders to build and scale disruptive software companies through seed and Series A investments. Established by brothers Carter and Courtney Reum, the firm operates as a full-stack collaborator, leveraging a team of full-time operators to provide strategic guidance, operational support, and resources that enable efficient growth and the creation of category-defining enterprises. With a portfolio spanning innovative software solutions, M13 emphasizes sectors poised for transformative impact. Among its fastest-growing segments are AI-driven technologies, including AI matchmaking applications that revolutionize modern dating, AI-powered platforms for global HR compliance and payroll optimization, and scalable AI agents enhancing enterprise customer experience. This targeted focus on artificial intelligence underscores M13''s commitment to fostering high-potential innovations that address evolving market demands and drive sustainable value creation. + M13 [2 News That Matters] + CREATIVE BIOLABS UNVEILS ENHANCED LAMBDA AND M13 PHAGE LIBRARIES FOR GENE DISCOVERY",News Bites - Private Companies,Newswire,NA,NA,NA,NA
M13 - COMPREHENSIVE INDUSTRY NEWS INCLUDING PEERS,2026-06-22T00:00:00Z,International,News Bites - Private Companies,News,4517,STOCK,4517,Australia,NA,NA,STACK INFRASTRUCTURE INC,STACK INFRASTRUCTURE INC,M13 - COMPREHENSIVE INDUSTRY NEWS INCLUDING PEERS,"M13 - COMPREHENSIVE INDUSTRY NEWS INCLUDING PEERS DASHBOARD: M13 PermID 5060022710 Website https://www.m13.co / Industry Venture Capital ACTIVITIES: M13 is an early-stage venture capital firm dedicated to partnering with visionary founders to build and scale disruptive software companies through seed and Series A investments. Established by brothers Carter and Courtney Reum, the firm operates as a full-stack collaborator, leveraging a team of full-time operators to provide strategic guidance, operational support, and resources that enable efficient growth and the creation of category-defining enterprises. With a portfolio spanning innovative software solutions, M13 emphasizes sectors poised for transformative impact. Among its fastest-growing segments are AI-driven technologies, including AI matchmaking applications that revolutionize modern dating, AI-powered platforms for global HR compliance and payroll optimization, and scalable AI agents enhancing enterprise customer experience. This targeted focus on artificial intelligence underscores M13''s commitment to fostering high-potential innovations that address evolving market demands and drive sustainable value creation. + M13 [2 News That Matters] + CREATIVE BIOLABS ENHANCES PHAGE LIBRARY PLATFORMS FOR BIOTHERAPEUTIC ADVANCEMENTS",News Bites - Private Companies,Newswire,NA,NA,NA,NA
"July 06, 2026: GENERAL CATALYST AND PEERS: CURATED NEWS ROUNDUP",2026-07-07T00:00:00Z,International,News Bites - Private Companies,News,2150,ANNOUNCEMENTS,2150,Australia,NA,NA,JANUS HENDERSON GROUP PLC,JANUS HENDERSON GROUP PLC,"July 06, 2026: GENERAL CATALYST AND PEERS: CURATED NEWS ROUNDUP","July 06, 2026: GENERAL CATALYST AND PEERS: CURATED NEWS ROUNDUP General Catalyst, the Cambridge, Massachusetts -based global investment and transformation firm managing over $30 billion in assets, closed out June 2026 with a series of significant moves spanning asset management, children's AI development, and accessibility technology, while peers Andreessen Horowitz, Sequoia Capital , and Accel posted equally active deal flow across healthcare, blockchain, fintech, and gaming. Janus Henderson Group Ltd. completed its take-private transaction on June 30, 2026, converting its public shares to cash at $52.00 per share and delisting from the New York Stock Exchange . The deal involved Trian Fund Management , General Catalyst Group Management , and Qatar Investment Authority as the core acquiring parties, with notable global investors MassMutual and Sun Hung Kai & Co. participating in support. Janus Henderson's Chief Executive Officer Ali Dibadj will continue leading the firm from its operational bases in London and Denver . Dibadj described the transition as the beginning of a transformative new chapter, highlighting the long-term investment opportunities ahead in areas such as technology, talent development, and client solutions. Trian 's CEO Nelson Peltz noted the firm's meaningful progress since its initial investment in 2020. General Catalyst 's CEO Hemant Taneja stated the partnership would focus on enhancing Janus Henderson's technological capabilities and growth strategy, with the combined expertise of all parties expected to establish new standards within asset management.",News Bites - Private Companies,Newswire,NA,NA,NA,NA
WNDRCO - RECENT NEWS UPDATE FROM GENERAL CATALYST AND PEERS,2026-07-04T00:00:00Z,International,News Bites - Private Companies,News,3609,STOCK,3609,Australia,NA,NA,NETFLIX INC,NETFLIX INC,WNDRCO - RECENT NEWS UPDATE FROM GENERAL CATALYST AND PEERS,"WNDRCO - RECENT NEWS UPDATE FROM GENERAL CATALYST AND PEERS DASHBOARD: WNDRCO PermID 5053437072 Website https://www.wndrco.com / Industry Holding Company - Investments ACTIVITIES: WndrCo, founded in 2017 by entrepreneur Jeffrey Katzenberg and former Disney executive David Ellison, is a Los Angeles -based holding company dedicated to acquiring control stakes in underappreciated technology firms and investing in innovative startups to accelerate their growth into market leaders. Its core business activities encompass strategic investments, operational enhancements, and scaling support across consumer and enterprise technology sectors, with a focus on lead institutional funding in post-product-market-fit rounds and seed-stage opportunities for next-generation entrepreneurs. Notable portfolio companies include Aura , offering comprehensive identity and financial protection services; Writer, an enterprise AI writing assistant; and Yassir, a leading ride-hailing and delivery platform in the Middle East and Africa . Among its fastest-growing segments, online security solutions-exemplified by Aura and Point Wild''s portfolio of protective brands-stand out for surging demand amid rising cyber threats, while enterprise AI tools like Writer are rapidly expanding, capitalizing on the global shift toward generative technologies and automation. Through these initiatives, WndrCo drives transformative value, fostering innovation and market dominance in high-potential domains. + WNDRCO [2 News That Matters] + WNDRCO BACKS IDILIO'S INNOVATIVE MICRODRAMA PLATFORM WITH $5.5M SEED FUNDING",News Bites - Private Companies,Newswire,NA,NA,NA,NA
"July 10, 2026: M13: ANALYZING LATEST PEER GROUP NEWS",2026-07-11T00:00:00Z,International,News Bites - Private Companies,News,1570,ANNOUNCEMENTS,1570,Australia,NA,NA,GIVAUDAN SA,GIVAUDAN SA,"July 10, 2026: M13: ANALYZING LATEST PEER GROUP NEWS","July 10, 2026: M13: ANALYZING LATEST PEER GROUP NEWS M13 General Partner Latif Peracha announced on April 15, 2026, that the early-stage venture capital firm has agreed to co-lead OpenFX 's Series A funding round. Peracha stated that M13's involvement is driven by a shared vision of enhancing the trading experience for both retail and institutional investors. OpenFX is a digital asset platform focused on transforming the foreign exchange market, addressing persistent industry challenges such as high fees and slow transaction times. The funding round is designed to strengthen OpenFX 's technological infrastructure and expand its market footprint, positioning it as a competitive force within the evolving digital finance landscape. Peracha noted that M13's experience in scaling technology companies will provide critical operational guidance as OpenFX executes on its growth plans, including the rollout of new product features targeting its expanding user base.",News Bites - Private Companies,Newswire,NA,NA,NA,NA
M13 - THE RECENT NEWS INCLUDING PEER NEWS,2026-07-06T00:00:00Z,International,News Bites - Private Companies,News,3885,STOCK,3885,Australia,NA,NA,GIVAUDAN SA,GIVAUDAN SA,M13 - THE RECENT NEWS INCLUDING PEER NEWS,"M13 - THE RECENT NEWS INCLUDING PEER NEWS DASHBOARD: M13 PermID 5060022710 Website https://www.m13.co / Industry Venture Capital ACTIVITIES: M13 is an early-stage venture capital firm dedicated to partnering with visionary founders to build and scale disruptive software companies through seed and Series A investments. Established by brothers Carter and Courtney Reum, the firm operates as a full-stack collaborator, leveraging a team of full-time operators to provide strategic guidance, operational support, and resources that enable efficient growth and the creation of category-defining enterprises. With a portfolio spanning innovative software solutions, M13 emphasizes sectors poised for transformative impact. Among its fastest-growing segments are AI-driven technologies, including AI matchmaking applications that revolutionize modern dating, AI-powered platforms for global HR compliance and payroll optimization, and scalable AI agents enhancing enterprise customer experience. This targeted focus on artificial intelligence underscores M13''s commitment to fostering high-potential innovations that address evolving market demands and drive sustainable value creation. + M13 [3 News That Matters] + GIVAUDAN S.A. LAUNCHES SCENTAURUS M13: A BREAKTHROUGH IN PET ODOR CONTROL",News Bites - Private Companies,Newswire,NA,NA,NA,NA
"July 04, 2026: M13 PEER GROUP UPDATE: KEY RECENT NEWS",2026-07-07T00:00:00Z,International,News Bites - Private Companies,News,1452,ANNOUNCEMENTS,1452,Australia,NA,NA,JANUS HENDERSON GROUP PLC,JANUS HENDERSON GROUP PLC,"July 04, 2026: M13 PEER GROUP UPDATE: KEY RECENT NEWS","July 04, 2026: M13 PEER GROUP UPDATE: KEY RECENT NEWS M13 General Partner Latif Peracha announced on April 15, 2026, that the firm would co-lead OpenFX 's Series A funding round. Peracha cited a shared vision of enhancing the trading experience for both retail and institutional investors as a primary driver of the investment. OpenFX operates a digital asset platform focused on improving efficiency and transparency in foreign exchange markets, addressing pain points such as high transaction fees and slow settlement times. According to Peracha , M13's expertise in scaling technology companies positions it as a key strategic resource for OpenFX as the company moves to expand its technological infrastructure and grow its market reach. The Series A capital is earmarked for new product features tailored to the evolving needs of OpenFX 's user base, with M13's operational guidance expected to play a central role in user acquisition and retention efforts.",News Bites - Private Companies,Newswire,NA,NA,NA,NA
The Rise of Emotional Surveillance,2026-05-03T00:00:00Z,U.S. Federal,Atlantic Online,News,2509,NA,2509,NA,Ellen Cushing,NA,NA,NA,The Rise of Emotional Surveillance,"The Rise of Emotional Surveillance The good news, for me at least, is that the computer thinks I have a nice personality. According to an app called MorphCast, I was, in a recent meeting with my boss, generally ""amused,"" ""determined,"" and ""interested,"" though-sue me-occasionally ""impatient."" MorphCast, you see, purports to glean insights into the depths and vagaries of human emotion using AI. It found that my affect was ""positive"" and ""active,"" as opposed to negative and/or passive. My attention was reasonably high. Also, the AI informed me that I wear glasses-revelatory!",Atlantic Online,Web Publication,NA,NA,NA,NA
M13 - SECTOR UPDATES FROM PEERS,2026-07-10T00:00:00Z,International,News Bites - Private Companies,News,3885,STOCK,3885,Australia,NA,NA,GIVAUDAN SA,GIVAUDAN SA,M13 - SECTOR UPDATES FROM PEERS,"M13 - SECTOR UPDATES FROM PEERS DASHBOARD: M13 PermID 5060022710 Website https://www.m13.co / Industry Venture Capital ACTIVITIES: M13 is an early-stage venture capital firm dedicated to partnering with visionary founders to build and scale disruptive software companies through seed and Series A investments. Established by brothers Carter and Courtney Reum, the firm operates as a full-stack collaborator, leveraging a team of full-time operators to provide strategic guidance, operational support, and resources that enable efficient growth and the creation of category-defining enterprises. With a portfolio spanning innovative software solutions, M13 emphasizes sectors poised for transformative impact. Among its fastest-growing segments are AI-driven technologies, including AI matchmaking applications that revolutionize modern dating, AI-powered platforms for global HR compliance and payroll optimization, and scalable AI agents enhancing enterprise customer experience. This targeted focus on artificial intelligence underscores M13''s commitment to fostering high-potential innovations that address evolving market demands and drive sustainable value creation. + M13 [3 News That Matters] + GIVAUDAN S.A. LAUNCHES SCENTAURUS M13: A BREAKTHROUGH IN PET ODOR CONTROL",News Bites - Private Companies,Newswire,NA,NA,NA,NA
WNDRCO - THE RECENT NEWS INCLUDING PEER NEWS,2026-07-06T00:00:00Z,International,News Bites - Private Companies,News,3584,STOCK,3584,Australia,NA,NA,NETFLIX INC,NETFLIX INC,WNDRCO - THE RECENT NEWS INCLUDING PEER NEWS,"WNDRCO - THE RECENT NEWS INCLUDING PEER NEWS DASHBOARD: WNDRCO PermID 5053437072 Website https://www.wndrco.com / Industry Holding Company - Investments ACTIVITIES: WndrCo, founded in 2017 by entrepreneur Jeffrey Katzenberg and former Disney executive David Ellison, is a Los Angeles -based holding company dedicated to acquiring control stakes in underappreciated technology firms and investing in innovative startups to accelerate their growth into market leaders. Its core business activities encompass strategic investments, operational enhancements, and scaling support across consumer and enterprise technology sectors, with a focus on lead institutional funding in post-product-market-fit rounds and seed-stage opportunities for next-generation entrepreneurs. Notable portfolio companies include Aura , offering comprehensive identity and financial protection services; Writer, an enterprise AI writing assistant; and Yassir, a leading ride-hailing and delivery platform in the Middle East and Africa . Among its fastest-growing segments, online security solutions-exemplified by Aura and Point Wild''s portfolio of protective brands-stand out for surging demand amid rising cyber threats, while enterprise AI tools like Writer are rapidly expanding, capitalizing on the global shift toward generative technologies and automation. Through these initiatives, WndrCo drives transformative value, fostering innovation and market dominance in high-potential domains. + WNDRCO [2 News That Matters] + WNDRCO BACKS IDILIO'S INNOVATIVE MICRODRAMA PLATFORM WITH $5.5M SEED FUNDING",News Bites - Private Companies,Newswire,NA,NA,NA,NA
M13 - THE RECENT HEADLINES WITH PEER NEWS,2026-07-07T00:00:00Z,International,News Bites - Private Companies,News,3885,STOCK,3885,Australia,NA,NA,GIVAUDAN SA,GIVAUDAN SA,M13 - THE RECENT HEADLINES WITH PEER NEWS,"M13 - THE RECENT HEADLINES WITH PEER NEWS DASHBOARD: M13 PermID 5060022710 Website https://www.m13.co / Industry Venture Capital ACTIVITIES: M13 is an early-stage venture capital firm dedicated to partnering with visionary founders to build and scale disruptive software companies through seed and Series A investments. Established by brothers Carter and Courtney Reum, the firm operates as a full-stack collaborator, leveraging a team of full-time operators to provide strategic guidance, operational support, and resources that enable efficient growth and the creation of category-defining enterprises. With a portfolio spanning innovative software solutions, M13 emphasizes sectors poised for transformative impact. Among its fastest-growing segments are AI-driven technologies, including AI matchmaking applications that revolutionize modern dating, AI-powered platforms for global HR compliance and payroll optimization, and scalable AI agents enhancing enterprise customer experience. This targeted focus on artificial intelligence underscores M13''s commitment to fostering high-potential innovations that address evolving market demands and drive sustainable value creation. + M13 [3 News That Matters] + GIVAUDAN S.A. LAUNCHES SCENTAURUS M13: A BREAKTHROUGH IN PET ODOR CONTROL",News Bites - Private Companies,Newswire,NA,NA,NA,NA
"July 04, 2026: OPENVIEW PEER GROUP UPDATE: KEY RECENT NEWS",2026-07-07T00:00:00Z,International,News Bites - Private Companies,News,2850,ANNOUNCEMENTS,2850,Australia,NA,NA,BESSEMER VENTURE PARTNERS,BESSEMER VENTURE PARTNERS,"July 04, 2026: OPENVIEW PEER GROUP UPDATE: KEY RECENT NEWS","July 04, 2026: OPENVIEW PEER GROUP UPDATE: KEY RECENT NEWS OpenView, the Boston-based expansion-stage venture capital firm managing approximately $2.4 billion in assets under management, has been active across its portfolio and product initiatives, while peers General Catalyst, Bessemer Venture Partners , Battery Ventures , Insight Partners , and Accel have each recorded notable developments across investment, technology, and enterprise strategy in recent weeks.",News Bites - Private Companies,Newswire,NA,NA,NA,NA
"July 08, 2026: GENERAL CATALYST PEER LANDSCAPE: RECENT NEWS HIGHLIGHTS",2026-07-09T00:00:00Z,International,News Bites - Private Companies,News,2326,ANNOUNCEMENTS,2326,Australia,NA,NA,JANUS HENDERSON GROUP PLC,JANUS HENDERSON GROUP PLC,"July 08, 2026: GENERAL CATALYST PEER LANDSCAPE: RECENT NEWS HIGHLIGHTS","July 08, 2026: GENERAL CATALYST PEER LANDSCAPE: RECENT NEWS HIGHLIGHTS General Catalyst, the Cambridge, Massachusetts -based global investment and transformation firm founded in 2000, has been active across multiple high-stakes deals in recent months, as has much of its peer group. Managing over $30 billion in assets and with a portfolio that includes transformative companies such as Airbnb and Stripe, General Catalyst continues to drive significant investment activity across healthcare, financial technology, defense, industrials, climate, and energy. Its peers — Andreessen Horowitz, Sequoia Capital , and Accel — have similarly been making headlines with a range of notable funding rounds and strategic developments spanning several continents and sectors.",News Bites - Private Companies,Newswire,NA,NA,NA,NA
"Goodwill High, Systems Weak: Singapore Not There Yet on Disability Inclusion",2025-11-14T00:00:00Z,International,Asian News International (ANI),News,1423,NA,1423,Asia,ANI |,NA,NA,NA,"Goodwill High, Systems Weak: Singapore Not There Yet on Disability Inclusion","Goodwill High, Systems Weak: Singapore Not There Yet on Disability Inclusion PRNewswire Singapore , November 14: A new nationwide survey led by Singapore Management University ( SMU ) has revealed that while Singaporeans care deeply about inclusion, the pathway from empathy to employment remains steep. Despite widespread goodwill, both persons with disabilities ( PWDs ) and the general public rate Singapore 's employment policies below moderate in effectiveness, with future improvement by 2030 seen as only ""minor"".",Asian News International (ANI),Newspaper,NA,NA,NA,NA
"July 09, 2026: M13 & PEERS: INDUSTRY NEWS DIGEST",2026-07-10T00:00:00Z,International,News Bites - Private Companies,News,1450,ANNOUNCEMENTS,1450,Australia,NA,NA,JANUS HENDERSON GROUP PLC,JANUS HENDERSON GROUP PLC,"July 09, 2026: M13 & PEERS: INDUSTRY NEWS DIGEST","July 09, 2026: M13 & PEERS: INDUSTRY NEWS DIGEST M13 General Partner Latif Peracha announced on 15th April 2025 the firm's decision to co-lead OpenFX 's Series A funding round, citing strategic alignment with the digital asset platform's mission to transform the foreign exchange market. Peracha stated that M13's involvement is driven by a shared vision of enhancing the trading experience for both retail and institutional investors, with the funding round aimed at bolstering OpenFX 's technological infrastructure and expanding its market reach. According to Peracha, OpenFX is well-positioned to address persistent pain points for traders, including high transaction fees and slow settlement times, by leveraging cutting-edge technology to deliver a seamless trading experience. M13's strategic guidance is expected to play a central role in executing OpenFX 's product expansion plans, with new features in development to cater to an evolving user base. The partnership reflects M13's broader commitment to investing in disruptive technologies that reshape traditional financial markets, with Peracha noting that as the digital currency ecosystem matures, such collaborations will become increasingly critical in navigating the complexities of the financial landscape.",News Bites - Private Companies,Newswire,NA,NA,NA,NA
Rylo Raises $85M Series Growth Funding as AI Accessibility Demand Surges,2026-06-09T00:00:00Z,International,Ventureburn,News,860,NA,860,"South Africa, Republic of",Clinton,NA,NA,NA,Rylo Raises $85M Series Growth Funding as AI Accessibility Demand Surges,"Rylo Raises $85M Series Growth Funding as AI Accessibility Demand Surges June 9th, 2026 ( Ventureburn - Delivered by Newstex ) Rylo Raises $85M to Scale AI Communication Platform Rylo has raised $85 million in new funding. The round was led by General Catalyst 's Customer Value Fund. Canaan also led new investment participation. Existing investors Vertex Ventures and Contour joined the round. The funding brings total capital raised above $100 million. The company was previously known as Nagish . It has now been rebranded as Rylo . The company builds AI communication tools for the Deaf and hard-of-hearing community. It focuses on real-time accessibility solutions. It aims to improve communication in daily life and workplaces. Rylo operates from Tel Aviv and New York .",Ventureburn,Web Blog,NA,NA,NA,NA
There's One Clear Reason Why Americans Are Gloomy About A.I.,2026-06-25T00:00:00Z,New York,The New York Times,News,898,Section;Column 0;Editorial Desk;GUEST ESSAY,898,NA,By Paul Kedrosky,NA,NA,NA,There's One Clear Reason Why Americans Are Gloomy About A.I.,"There's One Clear Reason Why Americans Are Gloomy About A.I. Hating artificial intelligence may be the only thing about which Americans agree. But they are global outliers in their pessimism. A survey of 24,000 adults across 30 countries found that citizens of nearly all of those countries, rich or poor, see A.I. more favorably than Americans do. This is startling for citizens of a wealthy, advanced economy who are usually enthusiastic tech adopters of anything with a wall charger. The technology industry says American nervousness is wrongheaded. Fear-mongering media! Foreign disinformation! This makes pessimism a communication problem. Fix the messaging, get the optimistic voices out there, and the support for A.I. will grow. Hang around any Reddit A.I. group, or listen to recent college graduation speeches by tone-deaf tech execs, and you will feel as if there is already an entire gig economy of A.I. boosterism.",The New York Times,Newspaper,NA,NA,NA,NA
M13 - INDUSTRY AND PEER NEWS,2026-07-01T00:00:00Z,International,News Bites - Private Companies,News,1597,STOCK,1597,Australia,NA,NA,STACK INFRASTRUCTURE INC,STACK INFRASTRUCTURE INC,M13 - INDUSTRY AND PEER NEWS,"M13 - INDUSTRY AND PEER NEWS DASHBOARD: M13 PermID 5060022710 Website https://www.m13.co / Industry Venture Capital ACTIVITIES: M13 is an early-stage venture capital firm dedicated to partnering with visionary founders to build and scale disruptive software companies through seed and Series A investments. Established by brothers Carter and Courtney Reum, the firm operates as a full-stack collaborator, leveraging a team of full-time operators to provide strategic guidance, operational support, and resources that enable efficient growth and the creation of category-defining enterprises. With a portfolio spanning innovative software solutions, M13 emphasizes sectors poised for transformative impact. Among its fastest-growing segments are AI-driven technologies, including AI matchmaking applications that revolutionize modern dating, AI-powered platforms for global HR compliance and payroll optimization, and scalable AI agents enhancing enterprise customer experience. This targeted focus on artificial intelligence underscores M13''s commitment to fostering high-potential innovations that address evolving market demands and drive sustainable value creation. +   M13 [2 News That Matters] +   ADVANCED PHAGE PLATFORMS FROM CREATIVE BIOLABS EXPAND CAPABILITIES IN BIOTHERAPEUTICS",News Bites - Private Companies,Newswire,NA,NA,NA,NA
M13 - RECENT PEER AND INDUSTRY TRENDS,2026-07-02T00:00:00Z,International,News Bites - Private Companies,News,1597,STOCK,1597,Australia,NA,NA,STACK INFRASTRUCTURE INC,STACK INFRASTRUCTURE INC,M13 - RECENT PEER AND INDUSTRY TRENDS,"M13 - RECENT PEER AND INDUSTRY TRENDS DASHBOARD: M13 PermID 5060022710 Website https://www.m13.co / Industry Venture Capital ACTIVITIES: M13 is an early-stage venture capital firm dedicated to partnering with visionary founders to build and scale disruptive software companies through seed and Series A investments. Established by brothers Carter and Courtney Reum, the firm operates as a full-stack collaborator, leveraging a team of full-time operators to provide strategic guidance, operational support, and resources that enable efficient growth and the creation of category-defining enterprises. With a portfolio spanning innovative software solutions, M13 emphasizes sectors poised for transformative impact. Among its fastest-growing segments are AI-driven technologies, including AI matchmaking applications that revolutionize modern dating, AI-powered platforms for global HR compliance and payroll optimization, and scalable AI agents enhancing enterprise customer experience. This targeted focus on artificial intelligence underscores M13''s commitment to fostering high-potential innovations that address evolving market demands and drive sustainable value creation. +   M13 [2 News That Matters] +   ADVANCED PHAGE PLATFORMS FROM CREATIVE BIOLABS EXPAND CAPABILITIES IN BIOTHERAPEUTICS",News Bites - Private Companies,Newswire,NA,NA,NA,NA
M13 - SECTOR DEVELOPMENTS: UPDATES FROM PEERS AND INDUSTRY,2026-06-24T00:00:00Z,International,News Bites - Private Companies,News,1597,STOCK,1597,Australia,NA,NA,STACK INFRASTRUCTURE INC,STACK INFRASTRUCTURE INC,M13 - SECTOR DEVELOPMENTS: UPDATES FROM PEERS AND INDUSTRY,"M13 - SECTOR DEVELOPMENTS: UPDATES FROM PEERS AND INDUSTRY DASHBOARD: M13 PermID 5060022710 Website https://www.m13.co / Industry Venture Capital ACTIVITIES: M13 is an early-stage venture capital firm dedicated to partnering with visionary founders to build and scale disruptive software companies through seed and Series A investments. Established by brothers Carter and Courtney Reum, the firm operates as a full-stack collaborator, leveraging a team of full-time operators to provide strategic guidance, operational support, and resources that enable efficient growth and the creation of category-defining enterprises. With a portfolio spanning innovative software solutions, M13 emphasizes sectors poised for transformative impact. Among its fastest-growing segments are AI-driven technologies, including AI matchmaking applications that revolutionize modern dating, AI-powered platforms for global HR compliance and payroll optimization, and scalable AI agents enhancing enterprise customer experience. This targeted focus on artificial intelligence underscores M13''s commitment to fostering high-potential innovations that address evolving market demands and drive sustainable value creation. +   M13 [2 News That Matters] +   ADVANCED PHAGE PLATFORMS FROM CREATIVE BIOLABS EXPAND CAPABILITIES IN BIOTHERAPEUTICS",News Bites - Private Companies,Newswire,NA,NA,NA,NA
M13 - INDUSTRY & PEER TRENDS: THE RECENT HIGHLIGHTS,2026-06-23T00:00:00Z,International,News Bites - Private Companies,News,1597,STOCK,1597,Australia,NA,NA,STACK INFRASTRUCTURE INC,STACK INFRASTRUCTURE INC,M13 - INDUSTRY & PEER TRENDS: THE RECENT HIGHLIGHTS,"M13 - INDUSTRY & PEER TRENDS: THE RECENT HIGHLIGHTS DASHBOARD: M13 PermID 5060022710 Website https://www.m13.co / Industry Venture Capital ACTIVITIES: M13 is an early-stage venture capital firm dedicated to partnering with visionary founders to build and scale disruptive software companies through seed and Series A investments. Established by brothers Carter and Courtney Reum, the firm operates as a full-stack collaborator, leveraging a team of full-time operators to provide strategic guidance, operational support, and resources that enable efficient growth and the creation of category-defining enterprises. With a portfolio spanning innovative software solutions, M13 emphasizes sectors poised for transformative impact. Among its fastest-growing segments are AI-driven technologies, including AI matchmaking applications that revolutionize modern dating, AI-powered platforms for global HR compliance and payroll optimization, and scalable AI agents enhancing enterprise customer experience. This targeted focus on artificial intelligence underscores M13''s commitment to fostering high-potential innovations that address evolving market demands and drive sustainable value creation. +   M13 [2 News That Matters] +   ADVANCED PHAGE PLATFORMS FROM CREATIVE BIOLABS EXPAND CAPABILITIES IN BIOTHERAPEUTICS",News Bites - Private Companies,Newswire,NA,NA,NA,NA
"Tech bros, beware: resistance to AI moves from theory to direct action",2026-04-19T00:00:00Z,International,The Observer - London (Print),News,790,THE NEW REVIEW;FEATURES;Pg. 19,790,United Kingdom of Great Britain and Northern Ireland,John Naughton,NA,GOOGLE LLC,GOOGLE LLC,"Tech bros, beware: resistance to AI moves from theory to direct action","Tech bros, beware: resistance to AI moves from theory to direct action On the morning of 10 April, a guy threw a molotov cocktail at the exterior gate of the mansion of OpenAI boss Sam Altman in San Francisco . Two days later, two people tried a spot of drive-by shooting at the house. Also this month, an Indianapolis city councillor was woken by 13 gunshots and found a note on his doorstep saying: ""No data centers"". It turns out that, days before the latter shooting, the councillor attended a metropolitan development commission meeting to advocate for the rezoning of a property where the developer Metrobloks was seeking to build a datacentre. Meanwhile, Maine is poised to become the first US state to pass a temporary ban on datacentre construction. It's just the first of at least 11 more states - Georgia , Maryland , Michigan , New Hampshire , New York , Oklahoma , South Carolina , South Dakota , Vermont , Virginia and Wisconsin - that have proposed to restrict or ban datacentre development.",The Observer - London (Print),Newspaper,NA,NA,NA,NA
M13 - RECENT PEER AND INDUSTRY DEVELOPMENTS,2026-06-22T00:00:00Z,International,News Bites - Private Companies,News,1597,STOCK,1597,Australia,NA,NA,STACK INFRASTRUCTURE INC,STACK INFRASTRUCTURE INC,M13 - RECENT PEER AND INDUSTRY DEVELOPMENTS,"M13 - RECENT PEER AND INDUSTRY DEVELOPMENTS DASHBOARD: M13 PermID 5060022710 Website https://www.m13.co / Industry Venture Capital ACTIVITIES: M13 is an early-stage venture capital firm dedicated to partnering with visionary founders to build and scale disruptive software companies through seed and Series A investments. Established by brothers Carter and Courtney Reum, the firm operates as a full-stack collaborator, leveraging a team of full-time operators to provide strategic guidance, operational support, and resources that enable efficient growth and the creation of category-defining enterprises. With a portfolio spanning innovative software solutions, M13 emphasizes sectors poised for transformative impact. Among its fastest-growing segments are AI-driven technologies, including AI matchmaking applications that revolutionize modern dating, AI-powered platforms for global HR compliance and payroll optimization, and scalable AI agents enhancing enterprise customer experience. This targeted focus on artificial intelligence underscores M13''s commitment to fostering high-potential innovations that address evolving market demands and drive sustainable value creation. +   M13 [2 News That Matters] +   ADVANCED PHAGE PLATFORMS FROM CREATIVE BIOLABS EXPAND CAPABILITIES IN BIOTHERAPEUTICS",News Bites - Private Companies,Newswire,NA,NA,NA,NA
- Detroit 's rising developers are supported by the Apple Developer Academy and inspired by their city,2026-06-01T00:00:00Z,International,M2 PressWIRE,News,1782,NA,1782,United Kingdom of Great Britain and Northern Ireland,NA,NA,MICHIGAN STATE UNIVERSITY,MICHIGAN STATE UNIVERSITY,- Detroit 's rising developers are supported by the Apple Developer Academy and inspired by their city,"- Detroit 's rising developers are supported by the Apple Developer Academy and inspired by their city June 1, 2026 Release date- 29052026 - Marking its fifth commencement, the academy in Detroit has empowered over 1,800 learners since 2021 to build apps, businesses, and community. A collage of photos shows Nick Gordon, Saamer Mansoor, Briaca Duesette, and Courey Jimenez, including one photo of Mansoor using iPad and another with Jimenez looking at her app Sign  Says on iPhone.",M2 PressWIRE,Newswire,NA,NA,NA,NA
WNDRCO - RECENT PEER AND INDUSTRY TRENDS,2026-07-03T00:00:00Z,International,News Bites - Private Companies,News,1728,STOCK,1728,Australia,NA,NA,ACCENTURE PLC,ACCENTURE PLC,WNDRCO - RECENT PEER AND INDUSTRY TRENDS,"WNDRCO - RECENT PEER AND INDUSTRY TRENDS DASHBOARD: WNDRCO PermID 5053437072 Website https://www.wndrco.com / Industry Holding Company - Investments ACTIVITIES: WndrCo, founded in 2017 by entrepreneur Jeffrey Katzenberg and former Disney executive David Ellison, is a Los Angeles -based holding company dedicated to acquiring control stakes in underappreciated technology firms and investing in innovative startups to accelerate their growth into market leaders. Its core business activities encompass strategic investments, operational enhancements, and scaling support across consumer and enterprise technology sectors, with a focus on lead institutional funding in post-product-market-fit rounds and seed-stage opportunities for next-generation entrepreneurs. Notable portfolio companies include Aura , offering comprehensive identity and financial protection services; Writer, an enterprise AI writing assistant; and Yassir, a leading ride-hailing and delivery platform in the Middle East and Africa . Among its fastest-growing segments, online security solutions-exemplified by Aura and Point Wild''s portfolio of protective brands-stand out for surging demand amid rising cyber threats, while enterprise AI tools like Writer are rapidly expanding, capitalizing on the global shift toward generative technologies and automation. Through these initiatives, WndrCo drives transformative value, fostering innovation and market dominance in high-potential domains. + WNDRCO [2 News That Matters] + LATAM MICRODRAMA STARTUP IDILIO RAISES $5.5 MILLION SEED WITH WNDRCO INVESTMENT",News Bites - Private Companies,Newswire,NA,NA,NA,NA
"Tech bros, beware: resistance to AI moves from theory to direct action",2026-04-17T00:00:00Z,International,The Observer - London (Online),News,903,COLUMNISTS;Version:1,903,United Kingdom of Great Britain and Northern Ireland,John Naughton,NA,NA,NA,"Tech bros, beware: resistance to AI moves from theory to direct action","Tech bros, beware: resistance to AI moves from theory to direct action The backlash against Silicon Valley’s dispowering technology is manifesting as direct action and US state legislation",The Observer - London (Online),Web Publication,NA,NA,NA,NA
- Detroit 's rising developers are supported by the Apple Developer Academy and inspired by their city,2026-06-01T00:00:00Z,International,ENP Newswire,News,1776,NA,1776,United Kingdom of Great Britain and Northern Ireland,NA,NA,NA,NA,- Detroit 's rising developers are supported by the Apple Developer Academy and inspired by their city,"- Detroit 's rising developers are supported by the Apple Developer Academy and inspired by their city Marking its fifth commencement, the academy in Detroit has empowered over 1,800 learners since 2021 to build apps, businesses, and community. A collage of photos shows Nick Gordon, Saamer Mansoor, Briaca Duesette, and Courey Jimenez, including one photo of Mansoor using iPad and another with Jimenez looking at her app Sign  Says on iPhone.",ENP Newswire,Newswire,NA,NA,NA,NA
"June 10, 2026: Rylo Lands $85 Million Growth Investment Led by General Catalyst, Fueling Expansion Beyond $100 Million in Funding",2026-06-20T00:00:00Z,International,News Bites - Private Companies,News,653,ANNOUNCEMENTS,653,Australia,NA,NA,NA,General Catalyst,"June 10, 2026: Rylo Lands $85 Million Growth Investment Led by General Catalyst, Fueling Expansion Beyond $100 Million in Funding","June 10, 2026: Rylo Lands $85 Million Growth Investment Led by General Catalyst, Fueling Expansion Beyond $100 Million in Funding Rylo , formerly known as Nagish , has secured $85 million in growth funding in a round led by General Catalyst 's Customer Value Fund, with participation from Canaan , Vertex Ventures , and Contour . The investment lifts total funding beyond $100 million and signals strong appetite for AI-powered accessibility solutions.",News Bites - Private Companies,Newswire,NA,NA,NA,NA
M13 - RECENT PEER AND INDUSTRY TRENDS,2026-07-03T00:00:00Z,International,News Bites - Private Companies,News,1711,STOCK,1711,Australia,NA,NA,STACK INFRASTRUCTURE INC,STACK INFRASTRUCTURE INC,M13 - RECENT PEER AND INDUSTRY TRENDS,"M13 - RECENT PEER AND INDUSTRY TRENDS DASHBOARD: M13 PermID 5060022710 Website https://www.m13.co / Industry Venture Capital ACTIVITIES: M13 is an early-stage venture capital firm dedicated to partnering with visionary founders to build and scale disruptive software companies through seed and Series A investments. Established by brothers Carter and Courtney Reum, the firm operates as a full-stack collaborator, leveraging a team of full-time operators to provide strategic guidance, operational support, and resources that enable efficient growth and the creation of category-defining enterprises. With a portfolio spanning innovative software solutions, M13 emphasizes sectors poised for transformative impact. Among its fastest-growing segments are AI-driven technologies, including AI matchmaking applications that revolutionize modern dating, AI-powered platforms for global HR compliance and payroll optimization, and scalable AI agents enhancing enterprise customer experience. This targeted focus on artificial intelligence underscores M13''s commitment to fostering high-potential innovations that address evolving market demands and drive sustainable value creation. +   M13 [3 News That Matters] +   GIVAUDAN INTRODUCES SCENTAURUS M13, PIONEERING QUANTITATIVE ODOR ANALYSIS FOR PET CARE",News Bites - Private Companies,Newswire,NA,NA,NA,NA
The AI acumen gap: A playbook for navigating a fragmented AI landscape,2026-05-14T00:00:00Z,New York,Fastcompany.com,News,851,NA,851,NA,Tyler Perry,NA,NA,NA,The AI acumen gap: A playbook for navigating a fragmented AI landscape,"The AI acumen gap: A playbook for navigating a fragmented AI landscape We are facing our generation’s digital divide: the AI Acumen Gap . According to our latest Brand Expectations Index , trust in AI is not a baseline; it’s a spectrum defined by professional proximity and generational sentiment. On one side, you have knowledge workers and younger generations who use these tools daily and largely trust the trajectory of big tech and AI startups. Within the general population and older generations, however, only a small fraction trusts AI companies, while nearly half view the technology as a harbinger of a more dangerous future. This divide creates a communication paradox. If you speak to everyone, you resonate with no one. To survive this divided landscape, leaders must pivot from a universal AI narrative to a segmented credibility strategy.",Fastcompany.com,Web Publication,NA,NA,NA,NA
WNDRCO - RECENT PEER AND INDUSTRY TRENDS,2026-07-02T00:00:00Z,International,News Bites - Private Companies,News,1818,STOCK,1818,Australia,NA,NA,ACCENTURE PLC,ACCENTURE PLC,WNDRCO - RECENT PEER AND INDUSTRY TRENDS,"WNDRCO - RECENT PEER AND INDUSTRY TRENDS DASHBOARD: WNDRCO PermID 5053437072 Website https://www.wndrco.com / Industry Holding Company - Investments ACTIVITIES: WndrCo, founded in 2017 by entrepreneur Jeffrey Katzenberg and former Disney executive David Ellison, is a Los Angeles -based holding company dedicated to acquiring control stakes in underappreciated technology firms and investing in innovative startups to accelerate their growth into market leaders. Its core business activities encompass strategic investments, operational enhancements, and scaling support across consumer and enterprise technology sectors, with a focus on lead institutional funding in post-product-market-fit rounds and seed-stage opportunities for next-generation entrepreneurs. Notable portfolio companies include Aura , offering comprehensive identity and financial protection services; Writer, an enterprise AI writing assistant; and Yassir, a leading ride-hailing and delivery platform in the Middle East and Africa . Among its fastest-growing segments, online security solutions-exemplified by Aura and Point Wild''s portfolio of protective brands-stand out for surging demand amid rising cyber threats, while enterprise AI tools like Writer are rapidly expanding, capitalizing on the global shift toward generative technologies and automation. Through these initiatives, WndrCo drives transformative value, fostering innovation and market dominance in high-potential domains. + WNDRCO [2 News That Matters] + LATAM MICRODRAMA STARTUP IDILIO RAISES $5.5 MILLION SEED WITH WNDRCO INVESTMENT",News Bites - Private Companies,Newswire,NA,NA,NA,NA
"July 04, 2026: M13 PEER GROUP UPDATE: KEY RECENT NEWS",2026-07-06T00:00:00Z,International,News Bites - Private Companies,News,1414,ANNOUNCEMENTS,1414,Australia,NA,NA,JANUS HENDERSON GROUP PLC,JANUS HENDERSON GROUP PLC,"July 04, 2026: M13 PEER GROUP UPDATE: KEY RECENT NEWS","July 04, 2026: M13 PEER GROUP UPDATE: KEY RECENT NEWS M13 General Partner Latif Peracha announced on April 15, 2026, the firm's decision to co-lead OpenFX 's Series A funding round, underscoring what Peracha described as a shared vision of enhancing the trading experience for both retail and institutional investors. OpenFX operates as a digital asset platform focused on transforming the foreign exchange market, where demand for more efficient and transparent trading solutions has been rising steadily. Peracha noted that M13's expertise in scaling technology companies positions it as a valuable strategic partner for OpenFX as the platform moves to expand its technological infrastructure and broaden its market reach. The funding is intended to support new product features catering to the evolving needs of OpenFX 's user base, with M13's guidance expected to play a central role in driving user acquisition and retention. Peracha characterized OpenFX as well-equipped to address persistent challenges faced by traders, including high transaction fees and slow settlement times, through the deployment of cutting-edge technology aimed at delivering a seamless trading environment.",News Bites - Private Companies,Newswire,NA,NA,NA,NA
WNDRCO - INDUSTRY AND PEER INSIGHTS: UP-TO-DATE,2026-07-08T00:00:00Z,International,News Bites - Private Companies,News,1674,STOCK,1674,Australia,NA,NA,ACCENTURE PLC,ACCENTURE PLC,WNDRCO - INDUSTRY AND PEER INSIGHTS: UP-TO-DATE,"WNDRCO - INDUSTRY AND PEER INSIGHTS: UP-TO-DATE DASHBOARD: WNDRCO PermID 5053437072 Website https://www.wndrco.com / Industry Holding Company - Investments ACTIVITIES: WndrCo, founded in 2017 by entrepreneur Jeffrey Katzenberg and former Disney executive David Ellison, is a Los Angeles -based holding company dedicated to acquiring control stakes in underappreciated technology firms and investing in innovative startups to accelerate their growth into market leaders. Its core business activities encompass strategic investments, operational enhancements, and scaling support across consumer and enterprise technology sectors, with a focus on lead institutional funding in post-product-market-fit rounds and seed-stage opportunities for next-generation entrepreneurs. Notable portfolio companies include Aura , offering comprehensive identity and financial protection services; Writer, an enterprise AI writing assistant; and Yassir, a leading ride-hailing and delivery platform in the Middle East and Africa . Among its fastest-growing segments, online security solutions-exemplified by Aura and Point Wild''s portfolio of protective brands-stand out for surging demand amid rising cyber threats, while enterprise AI tools like Writer are rapidly expanding, capitalizing on the global shift toward generative technologies and automation. Through these initiatives, WndrCo drives transformative value, fostering innovation and market dominance in high-potential domains. +   WNDRCO [2 News That Matters] +   LATAM MICRODRAMA STARTUP IDILIO RAISES $5.5 MILLION SEED WITH WNDRCO INVESTMENT",News Bites - Private Companies,Newswire,NA,NA,NA,NA
"July 06, 2026: M13 AND PEERS: CURATED NEWS ROUNDUP",2026-07-07T00:00:00Z,International,News Bites - Private Companies,News,1530,ANNOUNCEMENTS,1530,Australia,NA,NA,JANUS HENDERSON GROUP PLC,JANUS HENDERSON GROUP PLC,"July 06, 2026: M13 AND PEERS: CURATED NEWS ROUNDUP","July 06, 2026: M13 AND PEERS: CURATED NEWS ROUNDUP M13 General Partner Latif Peracha announced on April 15, 2026, the firm's decision to co-lead OpenFX 's Series A funding round, citing strategic alignment and the platform's growth potential within the digital asset space. Peracha expressed confidence in OpenFX 's approach to transforming the foreign exchange market, where demand for efficient and transparent trading solutions has been rising steadily. M13's involvement is driven by a shared vision of enhancing the trading experience for both retail and institutional investors, with the funding aimed at bolstering OpenFX 's technological infrastructure and expanding its market reach. According to Peracha, OpenFX is well-positioned to address persistent pain points faced by traders, including high fees and slow transaction times, by leveraging cutting-edge technology to deliver a seamless trading experience. M13's strategic guidance is expected to play a central role in executing OpenFX 's product roadmap, driving user acquisition and retention as the digital currency ecosystem continues to mature. The partnership reflects M13's broader commitment to investing in disruptive technologies that reshape traditional financial markets, consistent with the firm's early-stage focus on seed and Series A investments in high-potential software companies.",News Bites - Private Companies,Newswire,NA,NA,NA,NA
WNDRCO - RECENT DEVELOPMENTS: GENERAL CATALYST AND PEERS,2026-07-06T00:00:00Z,International,News Bites - Private Companies,News,1674,STOCK,1674,Australia,NA,NA,ACCENTURE PLC,ACCENTURE PLC,WNDRCO - RECENT DEVELOPMENTS: GENERAL CATALYST AND PEERS,"WNDRCO - RECENT DEVELOPMENTS: GENERAL CATALYST AND PEERS DASHBOARD: WNDRCO PermID 5053437072 Website https://www.wndrco.com / Industry Holding Company - Investments ACTIVITIES: WndrCo, founded in 2017 by entrepreneur Jeffrey Katzenberg and former Disney executive David Ellison, is a Los Angeles -based holding company dedicated to acquiring control stakes in underappreciated technology firms and investing in innovative startups to accelerate their growth into market leaders. Its core business activities encompass strategic investments, operational enhancements, and scaling support across consumer and enterprise technology sectors, with a focus on lead institutional funding in post-product-market-fit rounds and seed-stage opportunities for next-generation entrepreneurs. Notable portfolio companies include Aura , offering comprehensive identity and financial protection services; Writer, an enterprise AI writing assistant; and Yassir, a leading ride-hailing and delivery platform in the Middle East and Africa . Among its fastest-growing segments, online security solutions-exemplified by Aura and Point Wild''s portfolio of protective brands-stand out for surging demand amid rising cyber threats, while enterprise AI tools like Writer are rapidly expanding, capitalizing on the global shift toward generative technologies and automation. Through these initiatives, WndrCo drives transformative value, fostering innovation and market dominance in high-potential domains. +   WNDRCO [2 News That Matters] +   LATAM MICRODRAMA STARTUP IDILIO RAISES $5.5 MILLION SEED WITH WNDRCO INVESTMENT",News Bites - Private Companies,Newswire,NA,NA,NA,NA
WNDRCO - RECENT INDUSTRY AND PEER NEWS ROUNDUP,2026-07-09T00:00:00Z,International,News Bites - Private Companies,News,1674,STOCK,1674,Australia,NA,NA,ACCENTURE PLC,ACCENTURE PLC,WNDRCO - RECENT INDUSTRY AND PEER NEWS ROUNDUP,"WNDRCO - RECENT INDUSTRY AND PEER NEWS ROUNDUP DASHBOARD: WNDRCO PermID 5053437072 Website https://www.wndrco.com / Industry Holding Company - Investments ACTIVITIES: WndrCo, founded in 2017 by entrepreneur Jeffrey Katzenberg and former Disney executive David Ellison, is a Los Angeles -based holding company dedicated to acquiring control stakes in underappreciated technology firms and investing in innovative startups to accelerate their growth into market leaders. Its core business activities encompass strategic investments, operational enhancements, and scaling support across consumer and enterprise technology sectors, with a focus on lead institutional funding in post-product-market-fit rounds and seed-stage opportunities for next-generation entrepreneurs. Notable portfolio companies include Aura , offering comprehensive identity and financial protection services; Writer, an enterprise AI writing assistant; and Yassir, a leading ride-hailing and delivery platform in the Middle East and Africa . Among its fastest-growing segments, online security solutions-exemplified by Aura and Point Wild''s portfolio of protective brands-stand out for surging demand amid rising cyber threats, while enterprise AI tools like Writer are rapidly expanding, capitalizing on the global shift toward generative technologies and automation. Through these initiatives, WndrCo drives transformative value, fostering innovation and market dominance in high-potential domains. +   WNDRCO [2 News That Matters] +   LATAM MICRODRAMA STARTUP IDILIO RAISES $5.5 MILLION SEED WITH WNDRCO INVESTMENT",News Bites - Private Companies,Newswire,NA,NA,NA,NA
"ACLU HIGHLIGHTS AI TOOLS IN ALLEGING DISCRIMINATION AGAINST DEAF, INDIGENOUS WOMAN",2025-03-25T00:00:00Z,Virginia,Inside AI Policy,News,758,NA,758,NA,NA,NA,GOOGLE LLC,GOOGLE LLC,"ACLU HIGHLIGHTS AI TOOLS IN ALLEGING DISCRIMINATION AGAINST DEAF, INDIGENOUS WOMAN","ACLU HIGHLIGHTS AI TOOLS IN ALLEGING DISCRIMINATION AGAINST DEAF, INDIGENOUS WOMAN Posted March 25, 2025 The American Civil Liberties Union is asserting financial software giant Intuit, and its human resources software vendor HireVue, violated the Colorado Anti-Discrimination Act, the Americans with Disabilities Act and title VII of the Civil Rights Act in a complaint to the Colorado Civil Rights Division and the Equal Employment Opportunity Commission. The development comes as the Trump administration has deprioritized examining AI for bias and discrimination, but as multiple states consider legislation to avoid such instances by increasing transparency between developers and deployers of AI.",Inside AI Policy,Newsletter,NA,NA,NA,NA
WNDRCO - INDUSTRY AND PEER TRENDS: THE RECENT,2026-07-07T00:00:00Z,International,News Bites - Private Companies,News,1674,STOCK,1674,Australia,NA,NA,ACCENTURE PLC,ACCENTURE PLC,WNDRCO - INDUSTRY AND PEER TRENDS: THE RECENT,"WNDRCO - INDUSTRY AND PEER TRENDS: THE RECENT DASHBOARD: WNDRCO PermID 5053437072 Website https://www.wndrco.com / Industry Holding Company - Investments ACTIVITIES: WndrCo, founded in 2017 by entrepreneur Jeffrey Katzenberg and former Disney executive David Ellison, is a Los Angeles -based holding company dedicated to acquiring control stakes in underappreciated technology firms and investing in innovative startups to accelerate their growth into market leaders. Its core business activities encompass strategic investments, operational enhancements, and scaling support across consumer and enterprise technology sectors, with a focus on lead institutional funding in post-product-market-fit rounds and seed-stage opportunities for next-generation entrepreneurs. Notable portfolio companies include Aura , offering comprehensive identity and financial protection services; Writer, an enterprise AI writing assistant; and Yassir, a leading ride-hailing and delivery platform in the Middle East and Africa . Among its fastest-growing segments, online security solutions-exemplified by Aura and Point Wild''s portfolio of protective brands-stand out for surging demand amid rising cyber threats, while enterprise AI tools like Writer are rapidly expanding, capitalizing on the global shift toward generative technologies and automation. Through these initiatives, WndrCo drives transformative value, fostering innovation and market dominance in high-potential domains. +   WNDRCO [2 News That Matters] +   LATAM MICRODRAMA STARTUP IDILIO RAISES $5.5 MILLION SEED WITH WNDRCO INVESTMENT",News Bites - Private Companies,Newswire,NA,NA,NA,NA
"July 10, 2026: M13: ANALYZING LATEST PEER GROUP NEWS",2026-07-11T00:00:00Z,International,News Bites - Private Companies,News,1722,ANNOUNCEMENTS,1722,Australia,NA,NA,GIVAUDAN SA,GIVAUDAN SA,"July 10, 2026: M13: ANALYZING LATEST PEER GROUP NEWS","July 10, 2026: M13: ANALYZING LATEST PEER GROUP NEWS M13, the early-stage venture capital firm co-founded by brothers Carter and Courtney Reum, has continued to make strategic moves in the technology investment space, most recently co-leading a Series A funding round for digital asset platform OpenFX. The firm, which operates as a full-stack collaborator with a team of full-time operators providing strategic guidance and resources, focuses on seed and Series A investments in disruptive software companies. Alongside M13's own activity, peer firms General Catalyst and Lightspeed Venture Partners have each recorded notable developments spanning asset management privatization, AI-focused seed funding, accessibility technology, executive appointments, and secondary market share sales.",News Bites - Private Companies,Newswire,NA,NA,NA,NA
America's angry voters are the X factor in Trump's high-stakes meeting with Xi,2026-05-14T00:00:00Z,U.S. Federal,CNN Wire,News,1242,NA,1242,NA,"Analysis by David Goldman, John Liu, CNN",NA,NA,NA,America's angry voters are the X factor in Trump's high-stakes meeting with Xi,"America's angry voters are the X factor in Trump's high-stakes meeting with Xi ( CNN ) - President Donald Trump would seem to have a distinct advantage going into his upcoming negotiations with Chinese leader Xi Jinping . Economy: America 's economy is growing strong , boosted by AI and consumer spending. China's overall growth remains robust, but its economy is struggling with challenges stemming from its housing collapse five years ago. USAJobs : US companies are hiring, and unemployment remains low. China's real estate crisis slammed the brakes on residential construction, evaporating jobs.    USASpending and inflation: American consumers keep spending , even as inflation rebounds (but nowhere close to where it was four years ago). Consumer spending in China is still running soft, and prices are only starting to bounce back from prolonged deflation, a worrisome economic trend that sends prices and paychecks falling.    USAEnergy prices: The United States , with its vast oil and gas resources, is much more insulated from the economic effects of the Iran war than most countries. As a major energy importer, China is more vulnerable to oil price shocks even with a healthy buffer of crude stockpiles. USA Trump is winning across the board. But America 's president is going to China with significantly less leverage than you'd expect. Consumers from both countries grew fed up with their economies in 2022, and those sentiment reports have remained downtrodden.",CNN Wire,Newswire,NA,NA,NA,NA
WNDRCO - CURRENT NEWS FROM GENERAL CATALYST AND ITS PEERS,2026-07-01T00:00:00Z,International,News Bites - Private Companies,News,2505,STOCK,2505,Australia,NA,NA,ACCENTURE PLC,ACCENTURE PLC,WNDRCO - CURRENT NEWS FROM GENERAL CATALYST AND ITS PEERS,"WNDRCO - CURRENT NEWS FROM GENERAL CATALYST AND ITS PEERS DASHBOARD: WNDRCO PermID 5053437072 Website https://www.wndrco.com / Industry Holding Company - Investments ACTIVITIES: WndrCo, founded in 2017 by entrepreneur Jeffrey Katzenberg and former Disney executive David Ellison, is a Los Angeles -based holding company dedicated to acquiring control stakes in underappreciated technology firms and investing in innovative startups to accelerate their growth into market leaders. Its core business activities encompass strategic investments, operational enhancements, and scaling support across consumer and enterprise technology sectors, with a focus on lead institutional funding in post-product-market-fit rounds and seed-stage opportunities for next-generation entrepreneurs. Notable portfolio companies include Aura , offering comprehensive identity and financial protection services; Writer, an enterprise AI writing assistant; and Yassir, a leading ride-hailing and delivery platform in the Middle East and Africa . Among its fastest-growing segments, online security solutions-exemplified by Aura and Point Wild''s portfolio of protective brands-stand out for surging demand amid rising cyber threats, while enterprise AI tools like Writer are rapidly expanding, capitalizing on the global shift toward generative technologies and automation. Through these initiatives, WndrCo drives transformative value, fostering innovation and market dominance in high-potential domains. + WNDRCO [2 News That Matters] + IDILIO SECURES $5.5M SEED BACKING FROM WNDRCO TO ACCELERATE LATIN AMERICAN MICRODRAMA",News Bites - Private Companies,Newswire,NA,NA,NA,NA
Studies from Pennsylvania State University (Penn State) Provide New Data on Engineering (Voices of People With Disabilities: Integrating Topic Modeling and Sentiment Analysis to Study Disability Discourse on Social Media),2025-05-22T00:00:00Z,Georgia,Engineering Daily News,News,641,ENGINEERING,641,NA,NA,NA,MOLINOS NACIONALES CA (MONACA),MOLINOS NACIONALES CA (MONACA),Studies from Pennsylvania State University (Penn State) Provide New Data on Engineering (Voices of People With Disabilities: Integrating Topic Modeling and Sentiment Analysis to Study Disability Discourse on Social Media),"Studies from Pennsylvania State University (Penn State) Provide New Data on Engineering (Voices of People With Disabilities: Integrating Topic Modeling and Sentiment Analysis to Study Disability Discourse on Social Media) 2025 MAY 22 ( NewsRx ) -- By a News Reporter-Staff News Editor at Engineering Daily News -- Investigators publish new report on engineering. According to news originating from Monaca, Pennsylvania , by NewsRx correspondents, research stated, ""People with Disability (PwD) are some of society's marginalized and vulnerable groups. They are mostly disadvantaged because accessibility to communal structures and social services remains challenging.""",Engineering Daily News,Newsletter,NA,NA,NA,NA
Blind Passenger Meets Uber Deaf Driver-Their Ride Becomes A Viral Story And Melts Hearts,2026-04-09T00:00:00Z,International,MENAFN - Business & Finance News (English),News,394,NA,394,Middle East,NA,NA,LINKEDIN CORP,LINKEDIN CORP,Blind Passenger Meets Uber Deaf Driver-Their Ride Becomes A Viral Story And Melts Hearts,"Blind Passenger Meets Uber Deaf Driver-Their Ride Becomes A Viral Story And Melts Hearts Link to Image Link to Story A heartwarming post is currently taking over social media. A LinkedIn post about a client with a hearing handicap booking an Uber ride and being picked up by a visually impaired cab driver has made the internet grin. The unusual pairing has left many online wondering how the ride went and whether the customer continued with it. The wholesome twist, however, is leaving the internet delighted.",MENAFN - Business & Finance News (English),Web Publication,NA,NA,NA,NA
WNDRCO - PEER REPORTS: THE RECENT SECTOR DEVELOPMENTS,2026-06-24T00:00:00Z,International,News Bites - Private Companies,News,2505,STOCK,2505,Australia,NA,NA,ACCENTURE PLC,ACCENTURE PLC,WNDRCO - PEER REPORTS: THE RECENT SECTOR DEVELOPMENTS,"WNDRCO - PEER REPORTS: THE RECENT SECTOR DEVELOPMENTS DASHBOARD: WNDRCO PermID 5053437072 Website https://www.wndrco.com / Industry Holding Company - Investments ACTIVITIES: WndrCo, founded in 2017 by entrepreneur Jeffrey Katzenberg and former Disney executive David Ellison, is a Los Angeles -based holding company dedicated to acquiring control stakes in underappreciated technology firms and investing in innovative startups to accelerate their growth into market leaders. Its core business activities encompass strategic investments, operational enhancements, and scaling support across consumer and enterprise technology sectors, with a focus on lead institutional funding in post-product-market-fit rounds and seed-stage opportunities for next-generation entrepreneurs. Notable portfolio companies include Aura , offering comprehensive identity and financial protection services; Writer, an enterprise AI writing assistant; and Yassir, a leading ride-hailing and delivery platform in the Middle East and Africa . Among its fastest-growing segments, online security solutions-exemplified by Aura and Point Wild''s portfolio of protective brands-stand out for surging demand amid rising cyber threats, while enterprise AI tools like Writer are rapidly expanding, capitalizing on the global shift toward generative technologies and automation. Through these initiatives, WndrCo drives transformative value, fostering innovation and market dominance in high-potential domains. + WNDRCO [2 News That Matters] + IDILIO SECURES $5.5M SEED BACKING FROM WNDRCO TO ACCELERATE LATIN AMERICAN MICRODRAMA",News Bites - Private Companies,Newswire,NA,NA,NA,NA
WNDRCO - SECTOR UPDATES FROM PEERS,2026-07-10T00:00:00Z,International,News Bites - Private Companies,News,3443,STOCK,3443,Australia,NA,NA,NETFLIX INC,NETFLIX INC,WNDRCO - SECTOR UPDATES FROM PEERS,"WNDRCO - SECTOR UPDATES FROM PEERS DASHBOARD: WNDRCO PermID 5053437072 Website https://www.wndrco.com / Industry Holding Company - Investments ACTIVITIES: WndrCo, founded in 2017 by entrepreneur Jeffrey Katzenberg and former Disney executive David Ellison, is a Los Angeles -based holding company dedicated to acquiring control stakes in underappreciated technology firms and investing in innovative startups to accelerate their growth into market leaders. Its core business activities encompass strategic investments, operational enhancements, and scaling support across consumer and enterprise technology sectors, with a focus on lead institutional funding in post-product-market-fit rounds and seed-stage opportunities for next-generation entrepreneurs. Notable portfolio companies include Aura , offering comprehensive identity and financial protection services; Writer, an enterprise AI writing assistant; and Yassir, a leading ride-hailing and delivery platform in the Middle East and Africa . Among its fastest-growing segments, online security solutions-exemplified by Aura and Point Wild''s portfolio of protective brands-stand out for surging demand amid rising cyber threats, while enterprise AI tools like Writer are rapidly expanding, capitalizing on the global shift toward generative technologies and automation. Through these initiatives, WndrCo drives transformative value, fostering innovation and market dominance in high-potential domains. + WNDRCO [2 News That Matters] + WNDRCO BACKS IDILIO'S INNOVATIVE MICRODRAMA PLATFORM WITH $5.5M SEED FUNDING",News Bites - Private Companies,Newswire,NA,NA,NA,NA
"Decoding the Digital Mind: The Synthesis of AI, Analytics, and Consumer Behavior",2026-02-19T00:00:00Z,International,TechBullion,News,1151,NA,1151,England & Wales,Usman Ghani,NA,NA,NA,"Decoding the Digital Mind: The Synthesis of AI, Analytics, and Consumer Behavior","Decoding the Digital Mind: The Synthesis of AI, Analytics, and Consumer Behavior February 19th, 2026 ( TechBullion - Delivered by Newstex ) The bedrock of any successful Business is an intimate understanding of its customers. However, as we move through 2026, the methods by which we achieve this understanding have undergone a seismic shift. We have transitioned from the era of demographic generalizations to the era of individual intent. This transformation is driven by the synergistic relationship between high-speed Technology and advanced Artificial Intelligence, creating a new framework for Digital Marketing that is rooted in behavioral science and real-time data synthesis. Understanding the 'Digital Mind' is no longer about tracking clicks; it is about interpreting the psychological drivers behind every digital interaction. The Technological Foundation: From Big Data to Smart Data",TechBullion,Web Publication,NA,NA,NA,NA
WNDRCO - THE RECENT ON INDUSTRY AND PEER DEVELOPMENTS,2026-07-08T00:00:00Z,International,News Bites - Private Companies,News,2244,STOCK,2244,Australia,NA,NA,ACCENTURE PLC,ACCENTURE PLC,WNDRCO - THE RECENT ON INDUSTRY AND PEER DEVELOPMENTS,"WNDRCO - THE RECENT ON INDUSTRY AND PEER DEVELOPMENTS DASHBOARD: WNDRCO PermID 5053437072 Website https://www.wndrco.com / Industry Holding Company - Investments ACTIVITIES: WndrCo, founded in 2017 by entrepreneur Jeffrey Katzenberg and former Disney executive David Ellison, is a Los Angeles -based holding company dedicated to acquiring control stakes in underappreciated technology firms and investing in innovative startups to accelerate their growth into market leaders. Its core business activities encompass strategic investments, operational enhancements, and scaling support across consumer and enterprise technology sectors, with a focus on lead institutional funding in post-product-market-fit rounds and seed-stage opportunities for next-generation entrepreneurs. Notable portfolio companies include Aura , offering comprehensive identity and financial protection services; Writer, an enterprise AI writing assistant; and Yassir, a leading ride-hailing and delivery platform in the Middle East and Africa . Among its fastest-growing segments, online security solutions-exemplified by Aura and Point Wild''s portfolio of protective brands-stand out for surging demand amid rising cyber threats, while enterprise AI tools like Writer are rapidly expanding, capitalizing on the global shift toward generative technologies and automation. Through these initiatives, WndrCo drives transformative value, fostering innovation and market dominance in high-potential domains. +   WNDRCO [2 News That Matters] +   IDILIO SECURES $5.5M SEED BACKING FROM WNDRCO TO ACCELERATE LATIN AMERICAN MICRODRAMA",News Bites - Private Companies,Newswire,NA,NA,NA,NA
"July 07, 2026: GENERAL CATALYST TRACKING TRENDS: GENERAL CATALYST & PEER INSIGHTS",2026-07-08T00:00:00Z,International,News Bites - Private Companies,News,2292,ANNOUNCEMENTS,2292,Australia,NA,NA,JANUS HENDERSON GROUP PLC,JANUS HENDERSON GROUP PLC,"July 07, 2026: GENERAL CATALYST TRACKING TRENDS: GENERAL CATALYST & PEER INSIGHTS","July 07, 2026: GENERAL CATALYST TRACKING TRENDS: GENERAL CATALYST & PEER INSIGHTS General Catalyst, the Cambridge, Massachusetts -based venture capital and transformation firm founded in 2000, continues to make headlines across multiple investment fronts. Managing over $30 billion in assets and operating across sectors ranging from healthcare and financial technology to defense, climate, and applied artificial intelligence, the firm has cemented its position as a pivotal force in scaling high-impact ventures globally. Its portfolio includes transformative companies such as Airbnb and Stripe, and its landmark $8 billion capital commitment to accelerate AI-centric startups underscores the firm's aggressive posture in the rapidly evolving technology landscape.",News Bites - Private Companies,Newswire,NA,NA,NA,NA
WNDRCO - NEWS AND TRENDS FROM GENERAL CATALYST AND ITS PEERS,2026-07-03T00:00:00Z,International,News Bites - Private Companies,News,2505,STOCK,2505,Australia,NA,NA,ACCENTURE PLC,ACCENTURE PLC,WNDRCO - NEWS AND TRENDS FROM GENERAL CATALYST AND ITS PEERS,"WNDRCO - NEWS AND TRENDS FROM GENERAL CATALYST AND ITS PEERS DASHBOARD: WNDRCO PermID 5053437072 Website https://www.wndrco.com / Industry Holding Company - Investments ACTIVITIES: WndrCo, founded in 2017 by entrepreneur Jeffrey Katzenberg and former Disney executive David Ellison, is a Los Angeles -based holding company dedicated to acquiring control stakes in underappreciated technology firms and investing in innovative startups to accelerate their growth into market leaders. Its core business activities encompass strategic investments, operational enhancements, and scaling support across consumer and enterprise technology sectors, with a focus on lead institutional funding in post-product-market-fit rounds and seed-stage opportunities for next-generation entrepreneurs. Notable portfolio companies include Aura , offering comprehensive identity and financial protection services; Writer, an enterprise AI writing assistant; and Yassir, a leading ride-hailing and delivery platform in the Middle East and Africa . Among its fastest-growing segments, online security solutions-exemplified by Aura and Point Wild''s portfolio of protective brands-stand out for surging demand amid rising cyber threats, while enterprise AI tools like Writer are rapidly expanding, capitalizing on the global shift toward generative technologies and automation. Through these initiatives, WndrCo drives transformative value, fostering innovation and market dominance in high-potential domains. + WNDRCO [2 News That Matters] + IDILIO SECURES $5.5M SEED BACKING FROM WNDRCO TO ACCELERATE LATIN AMERICAN MICRODRAMA",News Bites - Private Companies,Newswire,NA,NA,NA,NA
WNDRCO - COMPREHENSIVE NEWS FROM INDUSTRY AND ITS PEERS,2026-07-09T00:00:00Z,International,News Bites - Private Companies,News,2244,STOCK,2244,Australia,NA,NA,ACCENTURE PLC,ACCENTURE PLC,WNDRCO - COMPREHENSIVE NEWS FROM INDUSTRY AND ITS PEERS,"WNDRCO - COMPREHENSIVE NEWS FROM INDUSTRY AND ITS PEERS DASHBOARD: WNDRCO PermID 5053437072 Website https://www.wndrco.com / Industry Holding Company - Investments ACTIVITIES: WndrCo, founded in 2017 by entrepreneur Jeffrey Katzenberg and former Disney executive David Ellison, is a Los Angeles -based holding company dedicated to acquiring control stakes in underappreciated technology firms and investing in innovative startups to accelerate their growth into market leaders. Its core business activities encompass strategic investments, operational enhancements, and scaling support across consumer and enterprise technology sectors, with a focus on lead institutional funding in post-product-market-fit rounds and seed-stage opportunities for next-generation entrepreneurs. Notable portfolio companies include Aura , offering comprehensive identity and financial protection services; Writer, an enterprise AI writing assistant; and Yassir, a leading ride-hailing and delivery platform in the Middle East and Africa . Among its fastest-growing segments, online security solutions-exemplified by Aura and Point Wild''s portfolio of protective brands-stand out for surging demand amid rising cyber threats, while enterprise AI tools like Writer are rapidly expanding, capitalizing on the global shift toward generative technologies and automation. Through these initiatives, WndrCo drives transformative value, fostering innovation and market dominance in high-potential domains. +   WNDRCO [2 News That Matters] +   IDILIO SECURES $5.5M SEED BACKING FROM WNDRCO TO ACCELERATE LATIN AMERICAN MICRODRAMA",News Bites - Private Companies,Newswire,NA,NA,NA,NA
WNDRCO - THE RECENT SECTOR NEWS INCLUDING PEERS,2026-07-08T00:00:00Z,International,News Bites - Private Companies,News,3443,STOCK,3443,Australia,NA,NA,NETFLIX INC,NETFLIX INC,WNDRCO - THE RECENT SECTOR NEWS INCLUDING PEERS,"WNDRCO - THE RECENT SECTOR NEWS INCLUDING PEERS DASHBOARD: WNDRCO PermID 5053437072 Website https://www.wndrco.com / Industry Holding Company - Investments ACTIVITIES: WndrCo, founded in 2017 by entrepreneur Jeffrey Katzenberg and former Disney executive David Ellison, is a Los Angeles -based holding company dedicated to acquiring control stakes in underappreciated technology firms and investing in innovative startups to accelerate their growth into market leaders. Its core business activities encompass strategic investments, operational enhancements, and scaling support across consumer and enterprise technology sectors, with a focus on lead institutional funding in post-product-market-fit rounds and seed-stage opportunities for next-generation entrepreneurs. Notable portfolio companies include Aura , offering comprehensive identity and financial protection services; Writer, an enterprise AI writing assistant; and Yassir, a leading ride-hailing and delivery platform in the Middle East and Africa . Among its fastest-growing segments, online security solutions-exemplified by Aura and Point Wild''s portfolio of protective brands-stand out for surging demand amid rising cyber threats, while enterprise AI tools like Writer are rapidly expanding, capitalizing on the global shift toward generative technologies and automation. Through these initiatives, WndrCo drives transformative value, fostering innovation and market dominance in high-potential domains. + WNDRCO [2 News That Matters] + WNDRCO BACKS IDILIO'S INNOVATIVE MICRODRAMA PLATFORM WITH $5.5M SEED FUNDING",News Bites - Private Companies,Newswire,NA,NA,NA,NA
Wimbledon's AI Line-Calling Sparks Player Outcry and System Scrutiny,2025-07-10T00:00:00Z,International,IntelligentHQ,News,553,NA,553,NA,NA,NA,ALL ENGLAND LAWN TENNIS GROUND LTD,ALL ENGLAND LAWN TENNIS GROUND LTD,Wimbledon's AI Line-Calling Sparks Player Outcry and System Scrutiny,"Wimbledon's AI Line-Calling Sparks Player Outcry and System Scrutiny July 10th, 2025 ( IntelligentHQ — Delivered by Newstex ) Wimbledon's adoption of AI line-calling technology has ignited a fierce debate among players and officials. While touted for its accuracy, recent incidents, including a critical system malfunction during a match, have shaken player confidence and raised questions about the balance between human oversight and technological reliance in professional sports.",IntelligentHQ,Web Blog,NA,NA,NA,NA
WNDRCO - GENERAL CATALYST AND PEER NEWS: SECTOR AND INDUSTRY UPDATES,2026-06-23T00:00:00Z,International,News Bites - Private Companies,News,2505,STOCK,2505,Australia,NA,NA,ACCENTURE PLC,ACCENTURE PLC,WNDRCO - GENERAL CATALYST AND PEER NEWS: SECTOR AND INDUSTRY UPDATES,"WNDRCO - GENERAL CATALYST AND PEER NEWS: SECTOR AND INDUSTRY UPDATES DASHBOARD: WNDRCO PermID 5053437072 Website https://www.wndrco.com / Industry Holding Company - Investments ACTIVITIES: WndrCo, founded in 2017 by entrepreneur Jeffrey Katzenberg and former Disney executive David Ellison, is a Los Angeles -based holding company dedicated to acquiring control stakes in underappreciated technology firms and investing in innovative startups to accelerate their growth into market leaders. Its core business activities encompass strategic investments, operational enhancements, and scaling support across consumer and enterprise technology sectors, with a focus on lead institutional funding in post-product-market-fit rounds and seed-stage opportunities for next-generation entrepreneurs. Notable portfolio companies include Aura , offering comprehensive identity and financial protection services; Writer, an enterprise AI writing assistant; and Yassir, a leading ride-hailing and delivery platform in the Middle East and Africa . Among its fastest-growing segments, online security solutions-exemplified by Aura and Point Wild''s portfolio of protective brands-stand out for surging demand amid rising cyber threats, while enterprise AI tools like Writer are rapidly expanding, capitalizing on the global shift toward generative technologies and automation. Through these initiatives, WndrCo drives transformative value, fostering innovation and market dominance in high-potential domains. + WNDRCO [2 News That Matters] + IDILIO SECURES $5.5M SEED BACKING FROM WNDRCO TO ACCELERATE LATIN AMERICAN MICRODRAMA",News Bites - Private Companies,Newswire,NA,NA,NA,NA
"SECTOR WEEKLY: TELECOMMUNICATIONS SERVICES (USA) NEWSLETTER OF WEEK-ENDED JUN 14, 2026",2026-06-15T00:00:00Z,International,News Bites - Private Companies,News,3515,NA,3515,Australia,NA,NA,MEDIACOM COMMUNICATIONS CORP,MEDIACOM COMMUNICATIONS CORP,"SECTOR WEEKLY: TELECOMMUNICATIONS SERVICES (USA) NEWSLETTER OF WEEK-ENDED JUN 14, 2026","SECTOR WEEKLY: TELECOMMUNICATIONS SERVICES (USA) NEWSLETTER OF WEEK-ENDED JUN 14, 2026 Telecommunications Services: There were 19 press releases from 6 private companies in the past week TO VIEW TELECOMMUNICATIONS SERVICES SECTOR INTERACTIVE HTML, CLICK HERE Click http://www.buysellsignals.net/BuySellSignals/report/Unlisted/Stock/Daily/Html/Unlisted_SEC89_weekly.html Sr. No. PermID Company Name State/Country Name 1 CLARITY VOICE UNITED STATES 2 4298440310 INVOCA UNITED STATES 3 4295915928 MEDIACOM COMMUNICATIONS CORPORATION NEW YORK 4 4297910304 SONATYPE MARYLAND 5 5068473096 SORENSON COMMUNICATIONS LLC UNITED STATES 6 4296584546 STRATIX GEORGIA +    CLARITY VOICE [1 Press Release in Week 25]",News Bites - Private Companies,Newswire,NA,NA,NA,NA
WNDRCO - COMPLETE SECTOR & INDUSTRY UPDATES: GENERAL CATALYST AND PEERS,2026-06-30T00:00:00Z,International,News Bites - Private Companies,News,2505,STOCK,2505,Australia,NA,NA,ACCENTURE PLC,ACCENTURE PLC,WNDRCO - COMPLETE SECTOR & INDUSTRY UPDATES: GENERAL CATALYST AND PEERS,"WNDRCO - COMPLETE SECTOR & INDUSTRY UPDATES: GENERAL CATALYST AND PEERS DASHBOARD: WNDRCO PermID 5053437072 Website https://www.wndrco.com / Industry Holding Company - Investments ACTIVITIES: WndrCo, founded in 2017 by entrepreneur Jeffrey Katzenberg and former Disney executive David Ellison, is a Los Angeles -based holding company dedicated to acquiring control stakes in underappreciated technology firms and investing in innovative startups to accelerate their growth into market leaders. Its core business activities encompass strategic investments, operational enhancements, and scaling support across consumer and enterprise technology sectors, with a focus on lead institutional funding in post-product-market-fit rounds and seed-stage opportunities for next-generation entrepreneurs. Notable portfolio companies include Aura , offering comprehensive identity and financial protection services; Writer, an enterprise AI writing assistant; and Yassir, a leading ride-hailing and delivery platform in the Middle East and Africa . Among its fastest-growing segments, online security solutions-exemplified by Aura and Point Wild''s portfolio of protective brands-stand out for surging demand amid rising cyber threats, while enterprise AI tools like Writer are rapidly expanding, capitalizing on the global shift toward generative technologies and automation. Through these initiatives, WndrCo drives transformative value, fostering innovation and market dominance in high-potential domains. + WNDRCO [2 News That Matters] + IDILIO SECURES $5.5M SEED BACKING FROM WNDRCO TO ACCELERATE LATIN AMERICAN MICRODRAMA",News Bites - Private Companies,Newswire,NA,NA,NA,NA
WNDRCO - THE RECENT SECTOR NEWS INCLUDING PEERS,2026-07-08T00:00:00Z,International,News Bites - Private Companies,News,3443,STOCK,3443,Australia,NA,NA,NETFLIX INC,NETFLIX INC,WNDRCO - THE RECENT SECTOR NEWS INCLUDING PEERS,"WNDRCO - THE RECENT SECTOR NEWS INCLUDING PEERS DASHBOARD: WNDRCO PermID 5053437072 Website https://www.wndrco.com / Industry Holding Company - Investments ACTIVITIES: WndrCo, founded in 2017 by entrepreneur Jeffrey Katzenberg and former Disney executive David Ellison, is a Los Angeles -based holding company dedicated to acquiring control stakes in underappreciated technology firms and investing in innovative startups to accelerate their growth into market leaders. Its core business activities encompass strategic investments, operational enhancements, and scaling support across consumer and enterprise technology sectors, with a focus on lead institutional funding in post-product-market-fit rounds and seed-stage opportunities for next-generation entrepreneurs. Notable portfolio companies include Aura , offering comprehensive identity and financial protection services; Writer, an enterprise AI writing assistant; and Yassir, a leading ride-hailing and delivery platform in the Middle East and Africa . Among its fastest-growing segments, online security solutions-exemplified by Aura and Point Wild''s portfolio of protective brands-stand out for surging demand amid rising cyber threats, while enterprise AI tools like Writer are rapidly expanding, capitalizing on the global shift toward generative technologies and automation. Through these initiatives, WndrCo drives transformative value, fostering innovation and market dominance in high-potential domains. + WNDRCO [2 News That Matters] + WNDRCO BACKS IDILIO'S INNOVATIVE MICRODRAMA PLATFORM WITH $5.5M SEED FUNDING",News Bites - Private Companies,Newswire,NA,NA,NA,NA
WNDRCO - THE RECENT HEADLINES WITH PEER NEWS,2026-07-07T00:00:00Z,International,News Bites - Private Companies,News,3443,STOCK,3443,Australia,NA,NA,NETFLIX INC,NETFLIX INC,WNDRCO - THE RECENT HEADLINES WITH PEER NEWS,"WNDRCO - THE RECENT HEADLINES WITH PEER NEWS DASHBOARD: WNDRCO PermID 5053437072 Website https://www.wndrco.com / Industry Holding Company - Investments ACTIVITIES: WndrCo, founded in 2017 by entrepreneur Jeffrey Katzenberg and former Disney executive David Ellison, is a Los Angeles -based holding company dedicated to acquiring control stakes in underappreciated technology firms and investing in innovative startups to accelerate their growth into market leaders. Its core business activities encompass strategic investments, operational enhancements, and scaling support across consumer and enterprise technology sectors, with a focus on lead institutional funding in post-product-market-fit rounds and seed-stage opportunities for next-generation entrepreneurs. Notable portfolio companies include Aura , offering comprehensive identity and financial protection services; Writer, an enterprise AI writing assistant; and Yassir, a leading ride-hailing and delivery platform in the Middle East and Africa . Among its fastest-growing segments, online security solutions-exemplified by Aura and Point Wild''s portfolio of protective brands-stand out for surging demand amid rising cyber threats, while enterprise AI tools like Writer are rapidly expanding, capitalizing on the global shift toward generative technologies and automation. Through these initiatives, WndrCo drives transformative value, fostering innovation and market dominance in high-potential domains. + WNDRCO [2 News That Matters] + WNDRCO BACKS IDILIO'S INNOVATIVE MICRODRAMA PLATFORM WITH $5.5M SEED FUNDING",News Bites - Private Companies,Newswire,NA,NA,NA,NA
M13 - UPDATED INSIGHTS FROM GENERAL CATALYST AND INDUSTRY PEERS,2026-07-10T00:00:00Z,International,News Bites - Private Companies,News,2385,STOCK,2385,Australia,NA,NA,STACK INFRASTRUCTURE INC,STACK INFRASTRUCTURE INC,M13 - UPDATED INSIGHTS FROM GENERAL CATALYST AND INDUSTRY PEERS,"M13 - UPDATED INSIGHTS FROM GENERAL CATALYST AND INDUSTRY PEERS DASHBOARD: M13 PermID 5060022710 Website https://www.m13.co / Industry Venture Capital ACTIVITIES: M13 is an early-stage venture capital firm dedicated to partnering with visionary founders to build and scale disruptive software companies through seed and Series A investments. Established by brothers Carter and Courtney Reum, the firm operates as a full-stack collaborator, leveraging a team of full-time operators to provide strategic guidance, operational support, and resources that enable efficient growth and the creation of category-defining enterprises. With a portfolio spanning innovative software solutions, M13 emphasizes sectors poised for transformative impact. Among its fastest-growing segments are AI-driven technologies, including AI matchmaking applications that revolutionize modern dating, AI-powered platforms for global HR compliance and payroll optimization, and scalable AI agents enhancing enterprise customer experience. This targeted focus on artificial intelligence underscores M13''s commitment to fostering high-potential innovations that address evolving market demands and drive sustainable value creation. + M13 [3 News That Matters] + GIVAUDAN UNVEILS SCENTAURUS M13: DATA-DRIVEN BREAKTHROUGH IN PET ODOR MANAGEMENT",News Bites - Private Companies,Newswire,NA,NA,NA,NA
M13 - THE RECENT HEADLINES WITH PEER NEWS,2026-07-07T00:00:00Z,International,News Bites - Private Companies,News,3885,STOCK,3885,Australia,NA,NA,GIVAUDAN SA,GIVAUDAN SA,M13 - THE RECENT HEADLINES WITH PEER NEWS,"M13 - THE RECENT HEADLINES WITH PEER NEWS DASHBOARD: M13 PermID 5060022710 Website https://www.m13.co / Industry Venture Capital ACTIVITIES: M13 is an early-stage venture capital firm dedicated to partnering with visionary founders to build and scale disruptive software companies through seed and Series A investments. Established by brothers Carter and Courtney Reum, the firm operates as a full-stack collaborator, leveraging a team of full-time operators to provide strategic guidance, operational support, and resources that enable efficient growth and the creation of category-defining enterprises. With a portfolio spanning innovative software solutions, M13 emphasizes sectors poised for transformative impact. Among its fastest-growing segments are AI-driven technologies, including AI matchmaking applications that revolutionize modern dating, AI-powered platforms for global HR compliance and payroll optimization, and scalable AI agents enhancing enterprise customer experience. This targeted focus on artificial intelligence underscores M13''s commitment to fostering high-potential innovations that address evolving market demands and drive sustainable value creation. + M13 [3 News That Matters] + GIVAUDAN S.A. LAUNCHES SCENTAURUS M13: A BREAKTHROUGH IN PET ODOR CONTROL",News Bites - Private Companies,Newswire,NA,NA,NA,NA
Cracking Indiaas language barrier with AI,2026-03-18T00:00:00Z,International,PC Quest,News,1267,NA,1267,"India, Republic of",Ashok Pandey,NA,NA,NA,Cracking Indiaas language barrier with AI,"Cracking Indiaas language barrier with AI India 's digital growth has never been limited by ambition or infrastructure. The real constraint has always been communication. When technology speaks only one language, vast sections of the population remain excluded, no matter how advanced the platform. This challenge sits at the heart of India 's digital transformation journey. In a detailed conversation with Nakul Kundra, Co-founder of Devnagri AI, a clear picture emerges of how language, context, and technology intersect, and why solving for Indian languages requires far more than basic translation.",PC Quest,Magazine,NA,NA,NA,NA
M13 - NEWS AND TRENDS FROM GENERAL CATALYST AND ITS PEERS,2026-07-03T00:00:00Z,International,News Bites - Private Companies,News,2273,STOCK,2273,Australia,NA,NA,STACK INFRASTRUCTURE INC,STACK INFRASTRUCTURE INC,M13 - NEWS AND TRENDS FROM GENERAL CATALYST AND ITS PEERS,"M13 - NEWS AND TRENDS FROM GENERAL CATALYST AND ITS PEERS DASHBOARD: M13 PermID 5060022710 Website https://www.m13.co / Industry Venture Capital ACTIVITIES: M13 is an early-stage venture capital firm dedicated to partnering with visionary founders to build and scale disruptive software companies through seed and Series A investments. Established by brothers Carter and Courtney Reum, the firm operates as a full-stack collaborator, leveraging a team of full-time operators to provide strategic guidance, operational support, and resources that enable efficient growth and the creation of category-defining enterprises. With a portfolio spanning innovative software solutions, M13 emphasizes sectors poised for transformative impact. Among its fastest-growing segments are AI-driven technologies, including AI matchmaking applications that revolutionize modern dating, AI-powered platforms for global HR compliance and payroll optimization, and scalable AI agents enhancing enterprise customer experience. This targeted focus on artificial intelligence underscores M13''s commitment to fostering high-potential innovations that address evolving market demands and drive sustainable value creation. + M13 [2 News That Matters] + CREATIVE BIOLABS UNVEILS ENHANCED LAMBDA AND M13 PHAGE LIBRARIES FOR GENE DISCOVERY",News Bites - Private Companies,Newswire,NA,NA,NA,NA
WNDRCO - NEWS AND TRENDS FROM GENERAL CATALYST AND ITS PEERS,2026-07-02T00:00:00Z,International,News Bites - Private Companies,News,2505,STOCK,2505,Australia,NA,NA,ACCENTURE PLC,ACCENTURE PLC,WNDRCO - NEWS AND TRENDS FROM GENERAL CATALYST AND ITS PEERS,"WNDRCO - NEWS AND TRENDS FROM GENERAL CATALYST AND ITS PEERS DASHBOARD: WNDRCO PermID 5053437072 Website https://www.wndrco.com / Industry Holding Company - Investments ACTIVITIES: WndrCo, founded in 2017 by entrepreneur Jeffrey Katzenberg and former Disney executive David Ellison, is a Los Angeles -based holding company dedicated to acquiring control stakes in underappreciated technology firms and investing in innovative startups to accelerate their growth into market leaders. Its core business activities encompass strategic investments, operational enhancements, and scaling support across consumer and enterprise technology sectors, with a focus on lead institutional funding in post-product-market-fit rounds and seed-stage opportunities for next-generation entrepreneurs. Notable portfolio companies include Aura , offering comprehensive identity and financial protection services; Writer, an enterprise AI writing assistant; and Yassir, a leading ride-hailing and delivery platform in the Middle East and Africa . Among its fastest-growing segments, online security solutions-exemplified by Aura and Point Wild''s portfolio of protective brands-stand out for surging demand amid rising cyber threats, while enterprise AI tools like Writer are rapidly expanding, capitalizing on the global shift toward generative technologies and automation. Through these initiatives, WndrCo drives transformative value, fostering innovation and market dominance in high-potential domains. + WNDRCO [2 News That Matters] + IDILIO SECURES $5.5M SEED BACKING FROM WNDRCO TO ACCELERATE LATIN AMERICAN MICRODRAMA",News Bites - Private Companies,Newswire,NA,NA,NA,NA
"July 07, 2026: TRACKING TRENDS: M13 & PEER INSIGHTS",2026-07-08T00:00:00Z,International,News Bites - Private Companies,News,1290,ANNOUNCEMENTS,1290,Australia,NA,NA,JANUS HENDERSON GROUP PLC,JANUS HENDERSON GROUP PLC,"July 07, 2026: TRACKING TRENDS: M13 & PEER INSIGHTS","July 07, 2026: TRACKING TRENDS: M13 & PEER INSIGHTS M13 General Partner Latif Peracha announced on April 15, 2026, the firm's decision to co-lead OpenFX 's Series A funding round, marking a notable move by the early-stage venture capital firm into the digital asset and foreign exchange space. Peracha stated that M13's involvement is driven by a shared vision of enhancing the trading experience for both retail and institutional investors, with OpenFX positioned to address longstanding inefficiencies in currency markets, including high transaction fees and slow settlement times. The Series A capital is earmarked to bolster OpenFX 's technological infrastructure and broaden its market footprint, with M13's scaling expertise expected to play a central role in guiding the platform's product expansion and user acquisition strategy. Peracha noted that as the digital currency ecosystem matures, partnerships of this nature will become increasingly important in navigating the complexities of the financial landscape.",News Bites - Private Companies,Newswire,NA,NA,NA,NA
M13 - THE RECENT ON INDUSTRY AND PEER DEVELOPMENTS,2026-07-08T00:00:00Z,International,News Bites - Private Companies,News,2385,STOCK,2385,Australia,NA,NA,STACK INFRASTRUCTURE INC,STACK INFRASTRUCTURE INC,M13 - THE RECENT ON INDUSTRY AND PEER DEVELOPMENTS,"M13 - THE RECENT ON INDUSTRY AND PEER DEVELOPMENTS DASHBOARD: M13 PermID 5060022710 Website https://www.m13.co / Industry Venture Capital ACTIVITIES: M13 is an early-stage venture capital firm dedicated to partnering with visionary founders to build and scale disruptive software companies through seed and Series A investments. Established by brothers Carter and Courtney Reum, the firm operates as a full-stack collaborator, leveraging a team of full-time operators to provide strategic guidance, operational support, and resources that enable efficient growth and the creation of category-defining enterprises. With a portfolio spanning innovative software solutions, M13 emphasizes sectors poised for transformative impact. Among its fastest-growing segments are AI-driven technologies, including AI matchmaking applications that revolutionize modern dating, AI-powered platforms for global HR compliance and payroll optimization, and scalable AI agents enhancing enterprise customer experience. This targeted focus on artificial intelligence underscores M13''s commitment to fostering high-potential innovations that address evolving market demands and drive sustainable value creation. + M13 [3 News That Matters] + GIVAUDAN UNVEILS SCENTAURUS M13: DATA-DRIVEN BREAKTHROUGH IN PET ODOR MANAGEMENT",News Bites - Private Companies,Newswire,NA,NA,NA,NA
