word1,word2,n
artificial,intelligence,320
venture,capital,235
june,2026,192
real,time,188
financial,market,185
market,updates,185
updates,90,185
andreessen,horowitz,171
funding,round,167
janus,henderson,155
venture,partners,132
lightspeed,venture,128
children's,speech,125
customer,experience,123
business,reports,122
forecasts,90,122
reports,forecasts,122
round,led,119
financing,rounds,118
ai,powered,110
product,development,110
india,quotient,109
90,financial,108
1.5,million,100
100,million,100
seed,round,100
3,news,99
ai,driven,98
asset,management,95
90,financing,94
90,business,89
intelligence,90,89
innovation,90,88
common,stock,84
prosper,ai,82
85,million,80
90,innovation,80
creative,biolabs,80
language,english,78
load,date,78
publication,type,78
news,bites,77
rights,reserved,77
middle,east,76
vedansh,v1,76
computer,software,75
copyright,2026,73
jeffrey,katzenberg,72
management,78,71
technology,industry,71
total,funding,70
90,software,69
information,technology,69
lightspeed,opportunity,69
opportunity,fund,69
accessibility,solutions,68
financial,technology,68
million,seed,67
siddhant,garg,67
tel,aviv,67
los,angeles,66
online,security,66
usa,92,65
customer,relations,64
rounds,90,64
type,newswire,64
document,type,63
private,companies,63
sentiment,analysis,63
platform,designed,62
speech,models,62
2026,jupiter,61
australia,pty,61
bites,private,61
international,australia,61
jupiter,international,61
fraud,detection,60
phone,calls,60
rylo,sign,60
vertex,ventures,60
ai,research,59
person,transcription,59
speaker,recognition,59
time,captioning,59
canaan,vertex,58
engineering,product,58
recognition,sentiment,58
sign,languages,58
ai,infrastructure,57
alliances,partnerships,57
communication,solutions,57
digital,currency,57
latin,american,57
shivam,munshi,57
time,translation,57
business,news,56
fund,l.p,56
rohit,kaul,56
"500,000",downloads,55
activity,detection,55
ai,companion,55
companion,named,55
company,activities,55
developed,vedansh,55
google,play,55
language,development,55
managing,director,55
named,doro,55
voice,activity,55
adult,voices,54
agent,evaluation,54
foreign,exchange,54
standard,bots,54
enterprise,ai,53
error,rates,53
word,error,53
detection,system,52
openfx's,series,52
global,expansion,51
intelligence,74,51
real,estate,51
track,record,51
activities,management,50
ai,solutions,50
growth,funding,50
output,demand,50
pattern,recognition,50
software,makers,49
ali,dibadj,48
capital,90,48
gene,discovery,48
models,omli,48
secured,85,48
security,privacy,48
seed,funding,48
services,applications,48
software,services,48
technology,89,48
technology,90,48
california,usa,47
conversational,intelligence,47
digital,communication,47
fastest,growing,47
growing,segments,47
hearing,individuals,47
investor,confidence,47
press,releases,47
speech,recognition,47
technological,innovation,47
technology,77,47
69,artificial,46
ca,usa,46
date,july,46
estate,agents,46
hung,kai,46
negative,technology,46
news,78,46
screening,tools,46
services,72,46
sun,hung,46
technology,news,46
workplace,accessibility,46
15,employees,45
analyst,comment,45
comment,recommendation,45
commercial,operations,45
conversion,text,45
gurugram,based,45
movement,disruptions,45
price,movement,45
recommendation,share,45
share,price,45
text,conversion,45
type,analyst,45
30,2026,44
accenture,ventures,44
adult,grade,44
agentic,cx,44
angeles,ca,44
catalyst,3,44
consumer,segment,44
conversational,platform,44
courtship,dating,44
cybercrime,69,44
dating,69,44
east,79,44
employees,omli,44
entrepreneurship,90,44
founder,siddhant,44
grade,accuracy,44
holding,companies,44
holding,company,44
indian,accents,44
industry,90,44
june,17,44
largest,consumer,44
m13,phage,44
releases,90,44
section,stock,44
southeast,asia,44
speech,capabilities,44
united,airlines,44
vernacular,languages,44
york,rylo,44
17,2026,43
capital,firm,43
catalyst's,customer,43
children,aged,43
evaluation,startup,43
term,strategy,43
90,venture,42
including,support,42
infrastructure,development,42
200,million,41
driven,accessibility,41
product,offerings,41
retail,wholesale,41
stock,exchange,41
voice,recognition,41
wholesale,trade,41
york,stock,41
accessibility,technology,40
based,omli,40
children's,voices,40
existing,commercial,40
janus,henderson's,40
upgraded,lambda,40
weighted,average,40
ai,models,39
million,funding,39
netskope,class,39
san,francisco,39
strategic,guidance,39
500,million,38
commercial,systems,38
enterprise,users,38
innovation,77,38
latif,peracha,38
scentaurus,m13,38
12th,june,37
90,technology,37
communication,platform,37
exchange,markets,37
fund,management,37
improve,accessibility,37
investment,authority,37
qatar,investment,37
trian,fund,37
2,billion,36
capital,89,36
private,transaction,36
product,ecosystem,36
public,shares,36
rounds,89,36
services,58,36
78,artificial,35
a16z,crypto,35
articulation,challenges,35
chief,executive,35
child's,speaking,35
cost,effective,35
digital,asset,35
investors,view,35
personal,professional,35
public,settings,35
speaking,pace,35
support,expansion,35
talent,development,35
view,rylo,35
15th,june,34
2,news,34
78,financial,34
79,united,34
commercial,speech,34
deliver,scalable,34
educators,identify,34
effective,communication,34
genes,chromosomes,34
growing,accessibility,34
identify,articulation,34
investment,lifts,34
lifts,total,34
omli's,flagship,34
scalable,cost,34
speech,model,34
speech,patterns,34
standing,market,34
strong,player,34
verbal,interaction,34
20,million,33
78,company,33
average,price,33
broader,adoption,33
consulting,services,33
customer,engagement,33
encourages,verbal,33
enterprise,customer,33
executive,david,33
existing,models,33
interaction,investors,33
management,consulting,33
managers,supervisors,33
million,series,33
screens,underscoring,33
air,lines,32
business,operations,32
calls,instant,32
functional,screening,32
fx,trading,32
growth,round,32
instant,speech,32
katzenberg,73,32
million,growth,32
technology,78,32
usa,93,32
2026,lightspeed,31
77,computer,31
ai,native,31
fostering,innovation,31
89,financial,30
ai,enabled,30
fresh,capital,30
intelligence,infrastructure,30
investment,management,30
sovereign,wealth,30
technology,sector,30
vice,president,30
wealth,funds,30
investment,reflects,29
m13,platforms,29
product,management,29
software,companies,29
technological,capabilities,29
15.1,million,28
78,venture,28
92,california,28
applications,90,28
asia,focused,28
assistive,devices,28
blume,ventures,28
enterprise,agentic,28
focused,fund,28
funding,rounds,28
lead,openfx's,28
management,77,28
marketing,leadership,28
netomi's,platform,28
permid,5060022710,28
portfolio,companies,28
press,release,28
prosthetic,assistive,28
provide,strategic,28
110,million,27
5.5,million,27
79,middle,27
89,writers,27
90,technological,27
91,artificial,27
accenture,song,27
ai,features,27
currency,ecosystem,27
delta,air,27
february,2023,27
financial,risk,27
investment,led,27
mediacom,communications,27
million,led,27
risk,management,27
signals,strong,27
startup,funding,27
stock,exchanges,27
77,information,26
90,alliances,26
90,entrepreneurship,26
asian,markets,26
companies,90,26
company,strategy,26
growing,investor,26
intelligence,89,26
investment,solutions,26
phage,platforms,26
raised,capital,26
strategic,hire,26
strong,appetite,26
technology,sectors,26
90,negative,25
ai,agents,25
business,activities,25
core,business,25
evaluation,tools,25
financial,markets,25
firm,dedicated,25
geographic,united,25
june,30,25
partnerships,78,25
reshape,traditional,25
scaling,technology,25
solutions,technology,25
southeast,asian,25
stage,venture,25
strategic,partnerships,25
technology,companies,25
term,investments,25
traditional,business,25
week,25,25
30,million,24
9,2026,24
acids,peptides,24
ai,tools,24
amino,acids,24
capital,78,24
carina,chopra,24
chemicals,77,24
demand,78,24
enables,real,24
immunologic,factors,24
lightspeed,entities,24
logical,thinking,24
notable,portfolio,24
peptides,proteins,24
phage,display,24
platforms,issues,24
prosper,ai's,24
recognition,systems,24
software,77,24
speaking,skills,24
strategy,78,24
15th,april,23
19th,september,23
72,m13,23
72,naics518210,23
72,sic6531,23
72,sic7374,23
85m,growth,23
90,press,23
91,technology,23
acid,distribution,23
agents,brokers,23
agents,managers,23
amino,acid,23
april,30,23
biotechnology,78,23
broader,trend,23
brokers,72,23
brothers,carter,23
capital,91,23
codon,technology,23
communications,corporation,23
computer,processing,23
computing,infrastructure,23
courtney,reum,23
data,preparation,23
data,processing,23
disruptive,software,23
diverse,libraries,23
executive,officer,23
grade,agentic,23
growth,strategy,23
growth,trajectory,23
india,quotient's,23
infrastructure,providers,23
launched,rylo,23
launching,rylo,23
managers,72,23
market,fit,23
microdrama,platform,23
mobile,app,23
models,broaden,23
naics518210,computing,23
naics531210,offices,23
pharmaceuticals,biotechnology,23
piii,monovalent,23
play,store,23
preparation,processing,23
processing,data,23
processing,services,23
processing,web,23
product,market,23
proprietary,speech,23
provide,real,23
providers,data,23
pviii,multivalent,23
quotient's,madhukar,23
related,services,23
rising,demand,23
rylo,builds,23
rylo,plans,23
september,2035,23
sic6531,real,23
sic7374,computer,23
solutions,rylo,23
stack,collaborator,23
stack,infrastructure,23
stop,codons,23
strategic,partnership,23
subject,venture,23
time,operators,23
trimer,codon,23
ultra,diverse,23
voice,based,23
web,hosting,23
wider,adoption,23
10,10,22
2026,24,22
24,7pressrelease,22
40,million,22
4th,june,22
50,minutes,22
52,week,22
58,wndrco,22
"62,843,207",shares,22
72,company,22
73,cybercrime,22
73,online,22
74,cybersecurity,22
75,cybercrime,22
75,writers,22
89,cybercrime,22
90,523910,22
90,information,22
92,los,22
93,countries,22
a16z,speedrun,22
accessibility,tech,22
achieve,adult,22
acquiring,control,22
acquiring,sign.mt,22
activities,encompass,22
address,evolving,22
adobe,ventures,22
agentic,systems,22
agents,enhancing,22
ai,matchmaking,22
ai,writing,22
airlines,metlife,22
airlines,mobile,22
american,microdrama,22
amid,rising,22
angeles,based,22
antibody,discovery,22
april,2026,22
aura,offering,22
barrier,free,22
based,conversations,22
based,holding,22
biomolecule,engineering,22
biotechnology,genetic,22
brands,stand,22
calls,rapid,22
category,defining,22
chat,email,22
client,experience,22
collaborator,leveraging,22
combined,expertise,22
communication,increasing,22
companies,91,22
companies,include,22
company,dedicated,22
company,investments,22
comprehensive,identity,22
control,stakes,22
converted,"1,650,000",22
cyber,threats,22
cybercrime,73,22
cybersecurity,74,22
cybersecurity,75,22
dashboard,m13,22
dashboard,wndrco,22
dating,ai,22
david,ellison,22
defining,enterprises,22
delivery,platform,22
demand,76,22
demand,amid,22
deploying,agentic,22
discovery,epitope,22
disney,executive,22
doro,positioning,22
drive,sustainable,22
driven,technologies,22
drives,transformative,22
efficient,growth,22
emphasizes,sectors,22
enable,efficient,22
enabled,communication,22
enabling,smoother,22
encompass,strategic,22
enhance,usability,22
enhancing,enterprise,22
enterprise,technology,22
entrepreneur,jeffrey,22
entrepreneurs,notable,22
epitope,mapping,22
evolving,market,22
expanding,capitalizing,22
fast,growing,22
fin,capital,22
financial,protection,22
firm,operates,22
fit,rounds,22
francisco,based,22
free,tools,22
gabriela,tafur,22
garg,omli,22
generation,entrepreneurs,22
generative,technologies,22
genetic,science,22
geographic,los,22
global,alliance,22
global,hr,22
global,shift,22
goodwater,capital,22
growth,investment,22
guidance,operational,22
hemant,taneja,22
horowitz,3,22
hr,compliance,22
idilio,creators,22
importance,demand,22
include,aura,22
including,ai,22
india's,startup,22
industry,holding,22
industry,venture,22
initiatives,wndrco,22
innovative,software,22
innovative,startups,22
institutional,funding,22
integrates,speaker,22
intelligence,underscores,22
investments,established,22
investments,operational,22
issues,69,22
kaul,previously,22
lead,institutional,22
leading,ride,22
leveraging,ai,22
lightspeed's,continued,22
lines,united,22
m13,emphasizes,22
makers,77,22
mansi,chugh,22
mapping,protein,22
market,demands,22
market,dominance,22
market,leaders,22
marketing,strategy,22
matchmaking,applications,22
media,63,22
metis,strategy,22
million,downloads,22
million,episodes,22
mobile,media,22
modern,dating,22
naver,ventures,22
ndidi,oteh,22
newly,raised,22
news,72,22
news,73,22
notably,acquiring,22
ny,april,22
offering,comprehensive,22
operational,enhancements,22
operational,support,22
oteh,ceo,22
oyo,udaan,22
partners,3,22
payroll,optimization,22
permid,5053437072,22
person,jeffrey,22
platform,strengthens,22
pocket,fm,22
portfolio,spanning,22
post,product,22
potential,domains,22
potential,innovations,22
powered,accessibility,22
powered,platforms,22
precursor,ventures,22
previously,served,22
privacy,73,22
protection,services,22
protective,brands,22
protein,engineering,22
rapid,speech,22
rapidly,expanding,22
reach,adult,22
reaching,10,22
recognition,89,22
regulations,evolving,22
regulatory,breaches,22
relations,68,22
relations,69,22
revolutionize,modern,22
ride,hailing,22
rising,cyber,22
rising,worldwide,22
scalable,ai,22
scale,disruptive,22
scaling,support,22
sector,addressing,22
sectors,poised,22
security,solutions,22
seed,stage,22
segments,online,22
services,writer,22
sharechat,physicswallah,22
shirley,ny,22
slw,naver,22
smoother,interactions,22
software,64,22
software,90,22
software,solutions,22
solutions,exemplified,22
solutions,m13,22
spanning,innovative,22
speech,including,22
speedrun,goodwater,22
stage,opportunities,22
startup,ecosystem,22
strategic,investments,22
subject,holding,22
surging,demand,22
targeted,focus,22
tech,sector,22
technologies,including,22
technology,firms,22
tools,provide,22
transcription,enabling,22
transformative,impact,22
udaan,sharechat,22
underappreciated,technology,22
underscores,m13,22
underserved,market,22
ventures,metis,22
ventures,wndrco,22
vertical,video,22
visionary,founders,22
wndrco,2,22
wndrco,drives,22
wndrco,founded,22
wndrco,slw,22
writers,75,22
writers,89,22
writing,assistant,22
17th,june,21
77,entrepreneurship,21
78,trends,21
ai,speech,21
application,omlikids,21
based,experience,21
catalyst,fueling,21
ceo,hemant,21
child,focused,21
communication,style,21
company,announced,21
competitive,landscape,21
creating,gaps,21
crossed,"500,000",21
delivered,lower,21
describing,children,21
develop,screening,21
engine,delivered,21
enterprise,grade,21
existing,speech,21
flagship,application,21
flagship,omlikids,21
focused,ai,21
fueling,expansion,21
game,based,21
henderson's,technological,21
industry,78,21
kid,speech,21
lands,85,21
latin,america,21
lower,word,21
madhukar,describing,21
million,investment,21
munshi,notes,21
omli's,seed,21
omlikids,product,21
partner,madhukar,21
pet,odor,21
quotient,partner,21
round,totaling,21
rylo,lands,21
speech,technology,21
system,tailored,21
team,aims,21
tech,enabled,21
ten,converse,21
totaling,1.5,21
transcription,services,21
v1,engine,21
voices,creating,21
week,low,21
ai,generated,20
brand,awareness,20
company's,ambition,20
cutting,edge,20
enhancing,janus,20
fund,sold,20
global,investors,20
investment,advice,20
merchandise,management,20
navigate,regulatory,20
operations,teams,20
portfolio,performance,20
predominantly,trained,20
research,infrastructure,20
retail,merchandise,20
trade,77,20
trading,experience,20
user,acquisition,20
1.3,billion,19
2026,press,19
77,digital,19
77,software,19
89,technology,19
90,customer,19
administrative,costs,19
adolescents,teens,19
advanced,ai,19
brand,presence,19
ceo,nelson,19
children,adolescents,19
company,launched,19
date,june,19
firm,prepares,19
initial,investment,19
innovative,approach,19
insurance,verification,19
intelligence,ai,19
jackson,memorial,19
legacy,systems,19
memorial,hospital,19
nelson,peltz,19
patient,billing,19
patient,care,19
payer,communications,19
recognition,including,19
reduce,administrative,19
stock,totaling,19
td,cowen,19
user,experience,19
verification,patient,19
york,based,19
1,billion,18
10,2026,18
10th,june,18
202,million,18
2020,golden,18
30,lower,18
74,business,18
77,chemicals,18
845,million,18
89,venture,18
accel,india,18
agent,assessment,18
amazon,lockheed,18
based,robotics,18
bmo,capital,18
bowery,farming,18
business,expansion,18
child,development,18
children,represent,18
company’s,total,18
dara,khosrowshahi,18
david,golden,18
disruptive,technologies,18
efficient,evaluation,18
equity,financing,18
evan,beard,18
financing,90,18
golden,joined,18
investment,signals,18
l.p,converted,18
legacy,providers,18
lockheed,martin,18
machining,welding,18
martin,nasa,18
nyse,58,18
omli,developed,18
operational,bases,18
piper,sandler,18
plc,58,18
powered,communication,18
rates,compared,18
rbc,capital,18
robotics,company,18
sold,"1,313,827",18
specifically,designed,18
total,revenue,18
transformative,opportunities,18
trian's,initial,18
u.s,army,18
u.s,manufacturing,18
110m,investment,17
2026,marks,17
5.5m,seed,17
54,artificial,17
69,customer,17
7,2026,17
74,negative,17
78,alliances,17
89,customer,17
93,business,17
accelerate,growth,17
accessibility,technologies,17
achieve,meaningful,17
acoustic,dna,17
additional,investments,17
administrative,management,17
advanced,customizable,17
ai,landscape,17
american,content,17
based,technologies,17
buy,rating,17
communication,tools,17
company,stack,17
conventional,speech,17
cx,deployment,17
cx,platform,17
delivering,advanced,17
digital,experiences,17
digital,finance,17
display,formats,17
display,platform,17
dna,inserts,17
dna,shearing,17
driven,interactions,17
eliminate,stop,17
empathy,consistency,17
enables,children,17
ensure,uniform,17
entities,collectively,17
experience,53,17
flawless,track,17
formats,including,17
fragmentation,optimized,17
growing,demand,17
holder's,option,17
including,piii,17
industry,naics531210,17
innovation,89,17
investment,pushes,17
investment,underscores,17
july,7,17
leading,enterprise,17
million,round,17
months,ago,17
multiple,display,17
multivalent,configurations,17
naics541611,administrative,17
netskope,shares,17
notable,clients,17
omlikids,enables,17
optimized,size,17
outcome,driven,17
packaging,extracts,17
partnerships,netomi,17
phage,based,17
platform,supports,17
privacy,54,17
production,grade,17
reliable,production,17
robostrategy,valuing,17
seamless,outcome,17
size,selection,17
social,media,17
sulfur,compounds,17
technologies,continue,17
technology,93,17
ticker,m13,17
trends,90,17
ultra,efficient,17
uniform,amino,17
unique,variants,17
vitro,packaging,17
10,11,16
2026,tuesday,16
25,kb,16
30th,june,16
58,sic8742,16
69,courtship,16
73,jeffrey,16
77,523910,16
8,2026,16
88,business,16
90,executives,16
93,california,16
93,united,16
accenture,plc,16
acn,nyse,16
affinity,antibodies,16
ai,engine,16
antibodies,peptides,16
applications,93,16
based,netomi,16
bias,minimized,16
bites,finance,16
business,practices,16
capital,precursor,16
classical,platform,16
client,roster,16
company,accenture,16
company,spokesperson,16
competitive,market,16
complexity,supporting,16
data,driven,16
david,velez,16
deaf,people,16
development,addressing,16
diagnostic,development,16
digital,teammates,16
disabled,persons,16
efficient,biomolecule,16
enable,researchers,16
esteban,ramirez,16
evolving,regulations,16
exceptional,complexity,16
exchange,market,16
experience,54,16
faster,gene,16
fidelity,lambda,16
genome,libraries,16
genome,mapping,16
genome,scale,16
genomic,elements,16
growth,opportunities,16
healthcare,providers,16
ideal,insert,16
includes,pivotal,16
industry,naics541611,16
insert,length,16
length,distribution,16
libraries,remain,16
maintaining,stable,16
mapping,metagenomics,16
market,lightspeed's,16
massachusetts,usa,16
metagenomics,gene,16
minimized,protocols,16
model,organisms,16
netomi’s,technology,16
news,briefs,16
odor,control,16
openfx's,growth,16
partnerships,77,16
powered,platform,16
preferred,system,16
promising,agent,16
protocols,tailored,16
rare,genomic,16
robust,pipeline,16
scale,exploration,16
section,announcements,16
sic8742,management,16
startup,navigate,16
study,cited,16
supporting,applications,16
throughput,functional,16
ticker,acn,16
underscores,investor,16
upgraded,m13,16
variants,ideal,16
velez,alongside,16
2026,thursday,15
"336,173",class,15
77,financial,15
78,retail,15
89,genes,15
90,pattern,15
administrative,hurdles,15
advisers,guiding,15
authoritative,content,15
broad,investor,15
catalyst's,ceo,15
company,plans,15
de,gracia,15
deal,finalized,15
electronic,health,15
financial,institutions,15
financial,services,15
funds,73,15
generated,audio,15
growth,potential,15
health,record,15
hearing,users,15
institutional,investors,15
jay,rughani,15
london,england,15
management,90,15
management,industry,15
markets,88,15
newstex,authoritative,15
product,enhancements,15
sequoia,capital,15
significant,improvements,15
smart,glasses,15
startup,omli,15
strategic,alignment,15
trade,78,15
travel,apps,15
trends,77,15
unified,platform,15
xavier,de,15
14,jun,14
25,million,14
accessibility,regulations,14
additional,ai,14
ai,coding,14
ai,workforce,14
america,79,14
arr,growth,14
assessment,process,14
based,screening,14
building,ai,14
coding,startup,14
commercial,teams,14
company,offers,14
current,management,14
customer,adoption,14
customer,service,14
devices,90,14
expressed,enthusiasm,14
financial,operations,14
foreign,investment,14
fund,expansion,14
garg,emphasized,14
healthcare,administration,14
intelligence,systems,14
july,8,14
july,9,14
machines,lab,14
management,76,14
management,team,14
market,adoption,14
price,targets,14
reflects,growing,14
regulatory,compliance,14
settlement,times,14
slow,settlement,14
speech,based,14
supervisors,72,14
thinking,machines,14
thrive,capital,14
usa,79,14
"1,313,827",class,13
2026,monday,13
2026,wednesday,13
69,press,13
72,computer,13
76,innovation,13
77,business,13
78,pharmaceuticals,13
90,amino,13
address,persistent,13
agentic,ai,13
collectively,held,13
communication,barriers,13
communication,patterns,13
company,addresses,13
development,janus,13
digital,assets,13
drew,participation,13
enhancing,customer,13
everyday,communication,13
everyday,interactions,13
exceptional,services,13
financial,advisement,13
financing,round,13
funding,announcement,13
held,"62,843,207",13
improves,accessibility,13
include,real,13
incorporates,advanced,13
interpretation,services,13
investors,including,13
july,10,13
july,2026,13
june,12,13
languages,additional,13
leadership,team,13
models,tailored,13
multiple,industries,13
notable,gap,13
notable,global,13
privacy,technology,13
raised,1.5,13
regulations,evolve,13
rylo,aims,13
scheduling,insurance,13
sign,language,13
sorenson,communications,13
strategic,moves,13
tailored,specifically,13
video,content,13
2025,acquisition,12
2b,round,12
62,wndrco,12
"70,000",square,12
76,artificial,12
77,artificial,12
77,foreign,12
77,retail,12
77,technological,12
77,technology,12
89,output,12
90,artificial,12
90,product,12
accuracy,privacy,12
ahead,rylo,12
andreessen,horowitz's,12
announcement,coming,12
annual,recurring,12
approximately,15.1,12
approximately,202,12
barriers,continues,12
boosting,total,12
broader,digital,12
business,model,12
capabilities,beard,12
capturing,10,12
catalyst,leads,12
catalyst’s,customer,12
chemicals,overview,12
children's,development,12
children's,digital,12
collaboration,stating,12
communication,accuracy,12
communications,mansi,12
company,aims,12
company,headquartered,12
consecutive,funding,12
content,omli,12
continuously,refining,12
create,speech,12
creating,speech,12
crucial,role,12
currency,77,12
current,team,12
customers,include,12
delistings,76,12
delivering,exceptional,12
demand,grows,12
demand,increases,12
demand,services,12
detection,enhance,12
detection,enhancing,12
developing,artificial,12
developing,communication,12
dibadj,expressed,12
digital,products,12
domestic,suppliers,12
doro,distinct,12
dr,marie,12
enabling,real,12
enhance,customer,12
enhance,performance,12
enhance,speaking,12
established,domestic,12
expressed,confidence,12
firm's,decision,12
fund,hiring,12
funding,led,12
future,clients,12
glen,cove,12
heavily,rely,12
human,resources,12
impressive,strides,12
improve,reliability,12
include,amazon,12
including,massmutual,12
industrial,efficiency,12
industrial,robot,12
innovative,model,12
integrated,model,12
katzenberg,78,12
leads,85m,12
leverage,technology,12
leveraging,artificial,12
madhukar,stating,12
malodor,molecules,12
management,platform,12
manufacturing,78,12
manufacturing,capabilities,12
marie,dupont,12
marketing,head,12
million,reflecting,12
monitors,displays,12
move,reflects,12
multiple,channels,12
munshi,noted,12
nasdaq,ntsk,12
native,robotic,12
navigate,challenges,12
niche,markets,12
ntsk,class,12
omli,aims,12
omli,focused,12
omli,plans,12
overview,77,12
parties,involved,12
partner,latif,12
partnerships,89,12
patient,journey,12
pet,care,12
phage,technologies,12
platform,aims,12
positive,outlook,12
private,deal,12
product,manager,12
proteins,89,12
public,environments,12
raised,20,12
raises,85m,12
rapid,pace,12
rapidly,growing,12
real,world,12
recognition,77,12
record,setting,12
recurring,revenue,12
reducing,reliance,12
relations,89,12
reliability,accuracy,12
remaining,class,12
remove,communication,12
rental,62,12
repeat,button,12
reported,annual,12
revenue,growth,12
rise,worldwide,12
robot,deployments,12
robotic,arms,12
rounds,91,12
rylo,boosting,12
rylo,focuses,12
rylo,raises,12
rylo’s,plans,12
science,89,12
sensory,panels,12
served,market,12
shown,significant,12
significant,shift,12
silently,scrolling,12
square,feet,12
strategic,acquisitions,12
strategic,investment,12
strategy,focused,12
streaming,media,12
strides,janus,12
successfully,raised,12
support,everyday,12
support,rylo’s,12
system,specifically,12
tasks,directly,12
technological,infrastructure,12
term,plan,12
text,text,12
time,conversational,12
today's,children,12
tools,include,12
tools,rylo,12
traditional,interpretation,12
trained,nose,12
transcription,designed,12
u.s,industrial,12
user,independence,12
users,communicate,12
vertically,integrated,12
video,tape,12
voices,leading,12
york,builds,12
"1,650,000",shares,11
2026,solidifies,11
27th,june,11
38.8,billion,11
54,computer,11
58,mobile,11
6,2026,11
6.3,billion,11
63,holding,11
63,online,11
64,financial,11
64,mobile,11
66,customer,11
68,customer,11
69,genomics,11
72,executives,11
73,computer,11
74,financial,11
77,product,11
86,output,11
88,artificial,11
89,artificial,11
89,courtship,11
89,cybersecurity,11
92,united,11
93,middle,11
accelerate,latin,11
accenture’s,clients,11
accessibility,startup,11
achieved,1.5,11
additional,"336,173",11
addressing,inefficiencies,11
adopt,netomi’s,11
advance,enterprise,11
agent,performance,11
ali,yahya,11
appointment,requests,11
approximately,2,11
arms,learn,11
articulation,screening,11
blend,storytelling,11
bolster,u.s,11
bots,operates,11
bots,secures,11
breaches,underscoring,11
briefing,policymakers,11
briefs,90,11
broad,base,11
build,ai,11
canton,blockchain,11
catalyst,aiming,11
catalyst,disclosed,11
ceo,gilles,11
child,specific,11
circulating,supply,11
claimed,costs,11
clients,adopt,11
collaboration,expected,11
company,reports,11
content,community,11
content,directly,11
controlled,fragmentation,11
cove,facility,11
cowen,reducing,11
critical,environments,11
customer,journeys,11
deafness,77,11
delivering,localized,11
delivering,seamless,11
demonstration,letting,11
denver,signaling,11
deployment,helping,11
deployment,times,11
designing,actuators,11
detect,subtle,11
dna,87,11
domestically,manufacture,11
doro,aiming,11
driven,entertainment,11
driven,production,11
edge,technology,11
efficiency,briefing,11
emerging,technology,11
enable,creators,11
enabled,productivity,11
engine,designed,11
entertainment,ventures,11
episodes,users,11
established,presence,11
evolving,user,11
experience,aimed,11
explore,real,11
financial,advisers,11
fintech,executive,11
firm,maintains,11
firm's,dedication,11
firm's,legacy,11
formats,powered,11
fragrance,library,11
fund,targeting,11
funding,accenture,11
gilles,andrier,11
givaudan,s.a,11
global,players,11
golden,noted,11
grade,ai,11
growth,phase,11
gurugram,startup,11
helped,steer,11
helping,accenture’s,11
helps,improve,11
henderson,highlighting,11
horowitz,a16z,11
horowitz,announced,11
idilio,content,11
idilio,secures,11
improve,speaking,11
includes,massmutual,11
includes,notable,11
including,investment,11
industries,notable,11
industry,leveraging,11
industry,trend,11
industry,underscoring,11
joined,unicorn,11
july,6,11
june,29,11
key,financial,11
kids,aged,11
kids,speech,11
leading,firms,11
leads,110m,11
letting,operators,11
lie,ahead,11
localized,content,11
localized,stories,11
m13,2,11
m13,3,11
makers,89,11
malodor,intensity,11
management,89,11
management,landscape,11
management,trian’s,11
market,capitalization,11
market,efforts,11
market,reach,11
mission,critical,11
mobile,applications,11
mobile,video,11
model,designing,11
monetize,directly,11
nbeyond,funding,11
netomi,highlights,11
netomi,secures,11
netomi’s,position,11
notes,netomi's,11
nthe,funding,11
omli,focuses,11
omli,raises,11
omlikids,app,11
openfx's,technological,11
operational,complexity,11
operators,teach,11
peltz,echoed,11
positions,idilio,11
private,company,11
privatization,janus,11
product,roadmap,11
production,costs,11
production,model,11
program,aims,11
providers,customers,11
publicly,acknowledged,11
raised,30,11
raises,1.5,11
recent,sec,11
record,deploying,11
redefine,enterprise,11
reduce,production,11
reducing,operational,11
reportedly,watching,11
robot,installations,11
robotics,startup,11
robust,client,11
robust,investor,11
round,disclosed,11
round,drew,11
scalable,software,11
sec,filing,11
secures,5.5m,11
secures,unicorn,11
sentiment,noting,11
shared,vision,11
shares,converted,11
shaving,deployment,11
solidifies,netomi’s,11
song,notes,11
specific,speech,11
startup,rylo,11
startup,standard,11
streamed,40,11
successfully,completed,11
supports,ultra,11
targeting,approximately,11
teach,tasks,11
tech,driven,11
technology,adoption,11
technology,supports,11
ten,talk,11
totaling,"62,843,207",11
traditional,sensory,11
traditional,telenovelas,11
trian’s,ceo,11
type,jasper_automation,11
underscores,wndrco's,11
unicorn,ranks,11
unicorn,valuation,11
user,base,11
ventures,leads,11
video,formats,11
video,space,11
voice,including,11
volatile,sulfur,11
wider,industry,11
wndrco,led,11
wndrco's,ongoing,11
writers,74,11
writers,88,11
"1,650,000",netskope,10
10,9,10
11,unique,10
15,2026,10
2026,latif,10
29,2026,10
38,million,10
50,wndrco,10
500,companies,10
69,output,10
69,product,10
70,courtship,10
72,product,10
77,customer,10
78,523910,10
78,digital,10
89,travel,10
9,pfu,10
90,retail,10
accelerate,openfx's,10
accelerate,technology,10
acoustic,audio,10
activist,investor,10
addition,bias,10
affiliates,continue,10
agent,assessments,10
ai's,ambition,10
alliance,led,10
apple,developer,10
approach,addresses,10
apps,68,10
arrangement,brings,10
asia,including,10
assessment,platform,10
assessments,drawing,10
audio,sensors,10
banking,finance,10
biolabs,phage,10
biolabs,unveils,10
biotechnology,stated,10
blog,post,10
broad,toolkit,10
business,infrastructure,10
business,metrics,10
capabilities,lightspeed's,10
capabilities,position,10
capitalists,eager,10
capitalization,exceeding,10
ceo,dibadj,10
chinmay,deshpande,10
chromosomes,88,10
chromosomes,89,10
communications,functions,10
companies,73,10
companies,addressing,10
companies,offers,10
company,grows,10
company,modernized,10
company’s,public,10
competitive,challenges,10
competitive,landscapes,10
consortium,including,10
continued,involvement,10
crowded,market,10
crucible,capital,10
currency,50,10
cursor's,valuation,10
dated,15th,10
delivering,titers,10
denver,bases,10
development,ali,10
development,phage,10
displays,65,10
diverse,investors,10
driven,approach,10
efficient,transparent,10
efforts,user,10
eliminate,administrative,10
emotion,ai,10
enable,capture,10
enabled,business,10
engineering,grows,10
enhance,product,10
enhanced,lambda,10
enhancements,70,10
evolving,asset,10
exceeding,6.3,10
expanding,access,10
experience,73,10
experience,74,10
experience,89,10
extensive,experience,10
extracts,delivering,10
factors,86,10
favorable,backdrop,10
fees,slow,10
fintech,investors,10
firm,deepens,10
firm,targets,10
firm's,strategic,10
firm’s,asset,10
firm’s,focus,10
fortune,500,10
foundational,software,10
frames,openfx,10
functions,including,10
fund,liquidates,10
fund,reportedly,10
fundraising,opportunities,10
fx,solutions,10
gallery,ventures,10
generative,ai,10
genomics,87,10
geographic,reach,10
google,llc,10
grows,creative,10
growth,ready,10
harsha,ramesh,10
hcl,equipping,10
highlights,lightspeed's,10
hire,aims,10
hold,substantial,10
home,care,10
including,trian,10
india,sea,10
individuals,offering,10
information,services,10
investor,alliance,10
investor,trian,10
investors,partnering,10
jhg,asx,10
jhg,lse,10
jhg,nyse,10
june,23,10
kaul,named,10
lambda,genome,10
law,firms,10
leadership,expects,10
lightspeed,affiliates,10
lightspeed,invests,10
lightspeed,navigates,10
lightspeed's,marketing,10
lightspeed's,participation,10
lightspeed's,track,10
lightspeed's,willingness,10
limited,transparency,10
liquidates,netskope,10
lulu,exchange,10
management,73,10
management,74,10
management,capabilities,10
management,startup,10
market,matures,10
market,players,10
marketing,chief,10
meaningful,breakthroughs,10
meet,evolving,10
million,india,10
modernize,fx,10
mohamed,oueida,10
mounting,pressure,10
move,highlights,10
move,mirrors,10
move,positions,10
naics519290,web,10
naics523940,portfolio,10
named,marketing,10
named,rohit,10
nelson,50,10
netskope,disposition,10
netskope,stake,10
netskope,traded,10
niche,market,10
notable,track,10
offers,multiple,10
offers,strategic,10
ongoing,expansion,10
openfx,plans,10
openfx,platform,10
openfx,series,10
openfx's,ongoing,10
operations,improvements,10
organisms,enable,10
participation,demonstrates,10
partners,aiming,10
partnership,underscores,10
partnerships,90,10
patient,management,10
peracha,frames,10
performance,assessments,10
permid,4297042748,10
persistent,frictions,10
pet,odors,10
phage,libraries,10
pivotal,moment,10
pivotal,stints,10
platform,builders,10
platform's,infrastructure,10
platforms,demonstrate,10
players,investors,10
polishes,sanitation,10
portfolio,management,10
position,creative,10
positions,janus,10
powered,customer,10
privacy,focused,10
private,phase,10
product,innovation,10
prominent,venture,10
publicly,disclosed,10
pursues,fundraising,10
quantifies,malodor,10
raise,brand,10
ready,niche,10
reliable,tools,10
replaces,traditional,10
reportedly,targeting,10
round,m13,10
round,publicly,10
round,underscores,10
rughani,partner,10
rylo's,total,10
saudi,financial,10
scale,play,10
sea,fund,10
seamless,trading,10
search,portals,10
section,1,10
sectors,signaling,10
sequence,spanning,10
services,designed,10
services,startup,10
shared,view,10
shares,delisted,10
sharpen,brand,10
sic6282,investment,10
sign,enabling,10
signaling,strong,10
solutions,provide,10
spanning,12th,10
spreadsheets,legacy,10
stable,representation,10
stage,companies,10
stake,realizing,10
statement,dated,10
stock,convertible,10
strategic,fit,10
strategic,resources,10
streamline,workflows,10
strengthen,lightspeed's,10
stronger,foothold,10
substantial,netskope,10
targets,500,10
tech,scale,10
technical,capabilities,10
technologies,underpins,10
technology,continues,10
teens,89,10
total,netskope,10
traders,including,10
trading,including,10
transparent,fx,10
travel,technology,10
unveiled,upgraded,10
unveils,enhanced,10
upgrade,agent,10
venture,capitalists,10
web,search,10
0086,hkse,9
"1,313,827",shares,9
12,2026,9
15th,largest,9
20,2026,9
23,2026,9
73,customer,9
76,business,9
77,child,9
77,voice,9
78,information,9
78,manufacturing,9
89,financing,9
90,managers,9
accessible,workplace,9
additional,consideration,9
ai,platform,9
apna,mart,9
arr,miss,9
audio,77,9
bolster,openfx's,9
broader,shift,9
brokers,dealers,9
capital,landscape,9
communications,llc,9
companies,expand,9
companies,including,9
company's,flagship,9
cooperation,council,9
crypto,arm,9
dealers,flotation,9
delistings,77,9
ecosystem,matures,9
engineering,team,9
exchange,llc,9
exchanges,76,9
exchanges,77,9
expand,globally,9
exposure,hedging,9
financial,landscape,9
flotation,companies,9
force,productivity,9
funds,77,9
gulf,cooperation,9
horowitz,noted,9
infrastructure,75,9
innovation,75,9
intelligence,83,9
investment,banking,9
joe,schmidt,9
june,15,9
l.p,holds,9
labor,market,9
leveraging,cutting,9
manufacturing,output,9
modest,revenue,9
naics523150,investment,9
news,90,9
omli,announced,9
peracha,noted,9
peracha,openfx,9
pillar,aims,9
rating,citing,9
recent,activity,9
record,systems,9
remain,undisclosed,9
report,2026,9
retail,users,9
roughly,60,9
round,targeting,9
sales,force,9
securities,intermediation,9
security,brokers,9
sic6211,security,9
significant,investment,9
strong,investor,9
ten,figure,9
top,management,9
totaling,approximately,9
trading,solutions,9
transparent,ledgers,9
transparent,trading,9
treasury,operations,9
trends,76,9
type,web,9
1,2026,8
18,noting,8
19th,june,8
2026,friday,8
2b,seed,8
3,2026,8
3,july,8
72,artificial,8
73,managers,8
74,artificial,8
89,investment,8
90,foreign,8
90,prosthetic,8
90,trends,8
a16z's,recent,8
ai,products,8
api,driven,8
asset,managers,8
asset,platform,8
assistance,lifestyle,8
aviv,israel,8
based,company,8
billion,ranking,8
buyer,experience,8
campaign,reporting,8
capital,cursor's,8
capital,firms,8
cc,token,8
cc,trades,8
ceo,xavier,8
challenges,faced,8
company's,entry,8
computer,telephony,8
convey's,board,8
convey's,platform,8
council,egypt,8
credit,management,8
developer,academy,8
development,72,8
development,73,8
development,74,8
development,77,8
develops,ai,8
devices,77,8
digital,marketing,8
driving,user,8
entrepreneurship,78,8
executives,69,8
experience,report,8
fell,short,8
firm's,commitment,8
francisco,convey,8
future,growth,8
geographic,london,8
health,care,8
horowitz,leading,8
huge,spenders,8
include,athenahealth,8
including,recent,8
innovative,solutions,8
integrated,platform,8
investment,focus,8
investors,alike,8
jeppesen,foreflight,8
june,9,8
key,electronic,8
khosla,ventures,8
logo,arr,8
march,2025,8
market,companies,8
marketing,strategies,8
markets,including,8
maximum,supply,8
mid,market,8
million,hours,8
multiple,currency,8
nbcuniversal,samsara,8
netskope,reported,8
news,89,8
notable,uptick,8
noting,strong,8
offering,real,8
operating,system,8
oueida,noted,8
partners,reported,8
partnerships,58,8
peak,xv,8
pear,vc,8
peracha,expressed,8
private,74,8
private,financing,8
product,launches,8
reached,approximately,8
recent,launches,8
reduce,fragmentation,8
represent,tremendous,8
revenue,reached,8
round,aligns,8
sales,lightspeed,8
samsara,televisaunivision,8
setting,2b,8
shares,traded,8
single,operating,8
slow,transaction,8
social,assistance,8
society,social,8
stitch,story,8
surpassed,50b,8
switch,deploys,8
tech,industry,8
technology,landscape,8
telecommunications,services,8
televisaunivision,unity,8
ticker,jhg,8
tightening,regulatory,8
traditional,financial,8
transaction,times,8
translators,interpreters,8
tremendous,validation,8
unemployment,insurance,8
unicorn,status,8
unity,faire,8
york,times,8
"1,000",systems,7
11,2026,7
13,2026,7
13,piper,7
2.5,trillion,7
21,a16z,7
30,billion,7
"336,173",shares,7
68,financial,7
72,technology,7
73,artificial,7
78,business,7
78,technological,7
89,biotechnology,7
89,voice,7
90,children,7
90,equity,7
90,news,7
a16z,partner,7
address,inefficiencies,7
advertising,assets,7
ai,spend,7
analysts,estimates,7
analytical,instrument,7
announced,38,7
appointed,rohit,7
automate,tasks,7
base,peracha,7
battery,ventures,7
building,software,7
cambridge,massachusetts,7
canton’s,cc,7
capital,isn’t,7
central,driver,7
coding,enabling,7
company,janus,7
competitive,player,7
components,domestically,7
continued,participation,7
crypto,announced,7
cultural,context,7
currency,cards,7
demand,verifiable,7
ecosystem,continues,7
enabling,digital,7
enterprise,fintech,7
enterprise,markets,7
entire,patient,7
entities,continue,7
evaluation,sector,7
evolution,oueida,7
evolving,digital,7
execute,business,7
executives,71,7
executives,72,7
finance,landscape,7
financial,firms,7
firm,led,7
gather,context,7
global,ai,7
handles,scheduling,7
hold,significant,7
improve,traditional,7
included,participation,7
increasing,demand,7
increasingly,demand,7
industry,naics523940,7
infrastructure,specifically,7
ingesting,advertising,7
integrating,advanced,7
intelligence,88,7
investment,environment,7
invoices,managing,7
join,convey's,7
jun,21,7
kaul's,appointment,7
knowledge,workers,7
lambda,phage,7
learn,tasks,7
libraries,reaching,7
llc,54,7
lower,costs,7
major,players,7
makers,90,7
manage,digital,7
managed,manually,7
manager,dr,7
managing,campaign,7
market,expectations,7
marketing,advertising,7
marketing,efforts,7
marketing,functions,7
matures,partnerships,7
meaningful,scientific,7
model,it’s,7
ongoing,support,7
operations,autonomously,7
partner,joe,7
person,ronald,7
phage,genome,7
platform,aimed,7
platforms,reflect,7
previously,managed,7
private,ownership,7
processing,invoices,7
product,expansion,7
prominent,investors,7
pushes,rylo's,7
rating,bmo,7
reach,2.5,7
reach,positioning,7
recognition,70,7
regional,fintech,7
reliable,solutions,7
researchers,achieve,7
responsibilities,previously,7
round,included,7
rylo,develops,7
rylo's,engineering,7
sandler,decreased,7
sb,1130,7
scientific,breakthroughs,7
selection,workflows,7
senior,level,7
services,78,7
significant,funding,7
significant,market,7
sized,manufacturers,7
stated,phage,7
story,it’s,7
strategic,move,7
strategies,aimed,7
streamline,operations,7
strong,growth,7
subsequently,delisted,7
successful,launch,7
systems,running,7
taneja,stated,7
tasks,gather,7
technical,operators,7
titers,exceeding,7
tone,deaf,7
trading,environment,7
transformation,firm,7
valuable,resource,7
web,publication,7
xv,partners,7
09,2026,6
10,pfu,6
10,unique,6
100,crore,6
100,gains,6
11,variants,6
13,acknowledging,6
13,maintaining,6
13,reflecting,6
200m,round,6
2026,highlights,6
2026,m13,6
2026,marking,6
2026,peracha,6
2026,saturday,6
2026,signaling,6
2035,netskope,6
22,2026,6
24,2026,6
28,signaling,6
30m,investment,6
38m,series,6
50,billion,6
53,dna,6
54,financial,6
62,sic7841,6
62,streaming,6
"62,843,207",class,6
65,immunologic,6
69,biology,6
69,jhg,6
69,pattern,6
71,business,6
72,pets,6
73,business,6
73,financial,6
73,holding,6
73,retail,6
73,technology,6
73,voice,6
74,genes,6
74,information,6
74,online,6
74,writers,6
75,stock,6
76,digital,6
76,product,6
76,stock,6
76,technology,6
77,company,6
77,deafness,6
77,managers,6
78,customer,6
78,cybersecurity,6
78,globalization,6
78,jeffrey,6
78,managers,6
78,prosthetic,6
78,streaming,6
78,writers,6
7pressrelease,creative,6
86,523910,6
87,immunologic,6
87,platforms,6
89,amino,6
89,executives,6
89,foreign,6
90,biopharmaceuticals,6
90,cybersecurity,6
90,genes,6
90,immunologic,6
90,monitors,6
90,user,6
91,financial,6
92,middle,6
accelerate,fx,6
accenture's,clients,6
achieve,titers,6
achieved,significant,6
acknowledged,reflecting,6
added,arguing,6
addition,creative,6
additional,growth,6
adjusted,price,6
administrative,inefficiencies,6
advanced,pattern,6
advanced,phage,6
advanced,technologies,6
advice,69,6
agent,evaluations,6
agentic,customer,6
agents,drawing,6
ago,idilio,6
ai,aims,6
ai,attracts,6
ai,continues,6
ai,embedded,6
ai,emphasized,6
ai,gains,6
ai,hardware,6
ai,systems,6
ai's,innovative,6
ai's,services,6
alongside,prominent,6
america,reinforcing,6
american,market,6
american,media,6
american,telenovelas,6
amid,funding,6
analyst,perspectives,6
analysts,subsequently,6
analytical,tools,6
andreessen,horowitz’s,6
annualized,revenue,6
anysphere,alongside,6
app,exemplifies,6
appointment,scheduling,6
approach,including,6
approach,jay,6
approximately,rs,6
arm,leads,6
arr,rises,6
asset's,canton,6
assets,77,6
attracted,considerable,6
attracted,inquiries,6
attracts,30m,6
audiences,providing,6
automates,scheduling,6
automation,approach,6
average,prices,6
backstops,niche,6
balance,amino,6
banking,technology,6
bets,25m,6
billion,seed,6
biolabs,enhances,6
biolabs,expand,6
biolabs,newly,6
biolabs,stated,6
biolabs,upgraded,6
biology,71,6
biotherapeutic,advancements,6
blockchain,highlighting,6
blockchain,investing,6
boasting,1.5,6
boost,u.s,6
brand,outreach,6
broaden,product,6
broader,lightspeed,6
broader,pivot,6
broader,push,6
burgeoning,agent,6
button,integrating,6
canton,investment,6
capabilities,aligning,6
capabilities,lightspeed,6
capital,lowered,6
capital,partner,6
capital,space,6
capture,rare,6
catalyst,ceo,6
catalyst,profile,6
catalyst,top,6
cater,specifically,6
central,role,6
ceo,ali,6
ceo,dara,6
ceo,harsha,6
challenging,investment,6
chatter,analysts,6
chemicals,nec,6
chopra,kaul's,6
chopra,stepped,6
chromosomes,71,6
clients,utilizing,6
climate,technology,6
coding,ai,6
coinmarketcap,cc,6
combining,elements,6
company,givaudan,6
company,navigate,6
company,netflix,6
company,notes,6
company,reported,6
company’s,arr,6
competition,piper,6
competitive,edge,6
competitive,positioning,6
complementary,strengths,6
completes,class,6
complex,analytical,6
comprehensive,approach,6
comprehensive,playbook,6
comprehensive,solutions,6
conclusion,m13,6
confidential,transactions,6
considerable,attention,6
construct,libraries,6
constructing,genomic,6
content,daily,6
content,producers,6
content,tailored,6
content,ventures,6
context,frames,6
continued,emphasis,6
continued,growth,6
continued,support,6
convey,emphasizes,6
convey,lands,6
convey's,core,6
core,proposition,6
counts,amazon,6
covers,scheduling,6
cowen,trimming,6
creators,reflecting,6
critical,player,6
critical,systems,6
cto,chinmay,6
cumbersome,interactions,6
current,challenges,6
customer,experiences,6
customer,interactions,6
customers,alongside,6
customers,signaling,6
customizable,tools,6
daily,substantially,6
delistings,73,6
deliver,faster,6
deliver,measurable,6
deliver,seamless,6
demonstrate,strong,6
denver,dibadj,6
deodorizing,products,6
designs,actuators,6
development,cycles,6
developments,illustrate,6
developments,netskope,6
diagnostics,offering,6
differentiate,givaudan,6
digital,asset's,6
digital,media,6
direct,netskope,6
disc,rental,6
discusses,strategic,6
display,system,6
disruptive,force,6
disruptive,technology,6
divests,15.1,6
drama,series,6
drawn,attention,6
drive,broader,6
drive,regional,6
driven,firm,6
driving,forward,6
dupont,describes,6
dynamically,adapt,6
earlier,healthcare,6
east,fintech,6
economic,news,6
effectively,enhancing,6
efficiency,gains,6
efficient,trading,6
efforts,kaul’s,6
efforts,suggest,6
ehr,systems,6
elicit,responses,6
embedded,solutions,6
embedding,artificial,6
emphasizes,governance,6
employment,news,6
empower,accenture's,6
empower,microdrama,6
enable,netomi,6
enables,ultra,6
enabling,creators,6
enabling,trusted,6
engagement,metrics,6
engine,idilio,6
engineering,phage,6
enhance,library,6
enhances,phage,6
enhancing,lightspeed's,6
ensuring,ideal,6
enterprise,tools,6
enterprises,netomi's,6
enterprises,transition,6
entertainment,experiences,6
entertainment,industry,6
entire,workflow,6
esteban,ram,6
evaluations,evolves,6
evolves,lightspeed's,6
exceeding,10,6
excessive,administrative,6
exchanges,68,6
executives,86,6
existing,formats,6
existing,investors,6
exit,class,6
expand,capabilities,6
expanded,feature,6
expands,marketing,6
expansion,ambitions,6
experience,cx,6
experience,supporting,6
experience,technologies,6
experiences,stating,6
extensive,fragrance,6
fast,paced,6
feature,set,6
fidelity,coverage,6
fintech,expansion,6
fintech,platforms,6
fintech,sector,6
firm,andreessen,6
firm,deploys,6
firm,eyes,6
firm,intensifies,6
firm,lightspeed,6
firm,standard,6
firm's,marketing,6
firm’s,ongoing,6
firm’s,proactive,6
firm’s,view,6
fixed,maximum,6
focused,shift,6
footprint,remains,6
form,drama,6
formulators,objective,6
forward,lightspeed's,6
foundational,requirement,6
fragmented,nature,6
francisco,netomi,6
fuel,openfx's,6
fuels,growth,6
functions,previously,6
fund's,direct,6
funding,highlights,6
funding,idilio,6
funding,rally,6
fundraising,efforts,6
fundraising,endeavors,6
funds,76,6
fx,market,6
gain,share,6
gains,hinge,6
game,creation,6
garg,outlined,6
gas,prices,6
genomic,libraries,6
genomic,representation,6
gig,economy,6
givaudan,positions,6
givaudan,sa,6
givaudan's,extensive,6
givn,swx,6
global,investment,6
global,markets,6
growing,industry,6
growing,positioning,6
grows,monero,6
growth,journey,6
hcl,providing,6
healthcare,ai,6
healthcare,processes,6
healthy,pipeline,6
hearing,people,6
held,positions,6
helped,propel,6
helped,scale,6
henderson's,public,6
highlighting,challenges,6
highlighting,privacy,6
highlights,include,6
highlights,rising,6
highlights,wndrco's,6
highly,controlled,6
hire,coincides,6
historically,led,6
hits,1b,6
horowitz,bets,6
horowitz,crypto,6
horowitz,signaling,6
horowitz,signifies,6
household,odors,6
idilio,claims,6
idilio's,commitment,6
idilio's,funding,6
idilio's,innovative,6
implemented,bias,6
impressive,40,6
improved,user,6
include,acoustic,6
include,multiple,6
includes,major,6
including,oyo,6
increased,portfolio,6
increasing,brand,6
increasing,fivefold,6
increasingly,challenging,6
indispensable,tools,6
industrial,organic,6
industries,suggesting,6
industry,consensus,6
industry,naics325620,6
industry,naics532282,6
industry,telecommunications,6
industry,trends,6
influencing,factors,6
infrastructure,72,6
infrastructure,expand,6
initiative,aims,6
innovations,enable,6
innovative,content,6
innovative,microdrama,6
innovative,platform,6
innovative,technology,6
institutional,participation,6
institutional,users,6
insurance,86,6
intelligence,ndidi,6
introduce,idilio,6
investing,78,6
investment,firm,6
investment,revealed,6
investors,eager,6
isin,ch0010645932,6
israel,73,6
journal,code,6
journeys,enhancing,6
july,1,6
july,3,6
jun,09,6
june,20,6
june,22,6
june,24,6
kaul,appointment,6
kaul's,background,6
kaul’s,extensive,6
keen,eye,6
key,upgrades,6
khosrowshahi,crucible,6
kirsten,green,6
l.p,sold,6
lands,38m,6
landscape,m13,6
language,languages,6
language,services,6
languages,india,6
larger,share,6
largest,crypto,6
lead,investor,6
leadership,including,6
leads,100,6
ledgers,regulators,6
leverage,netomi's,6
leveraging,netomi's,6
leveraging,openfx's,6
libraries,due,6
library,fidelity,6
library,platforms,6
life,sciences,6
lightspeed,backstops,6
lightspeed,believes,6
lightspeed,completes,6
lightspeed,footprint,6
lightspeed,prepares,6
lightspeed,strengthens,6
lightspeed,ventures,6
lightspeed's,belief,6
lightspeed's,brand,6
lightspeed's,commitment,6
lightspeed's,focus,6
lightspeed's,initiatives,6
lightspeed's,ongoing,6
lowered,targets,6
m13,announced,6
m13,brings,6
m13,partners,6
major,clients,6
major,organizations,6
market,chatter,6
market,competition,6
market,context,6
market,forecasts,6
market,offering,6
market,opportunities,6
markets,72,6
markets,76,6
markets,investing,6
markets,investors,6
measurable,returns,6
media,74,6
media,78,6
media,personality,6
medical,field,6
menlo,park,6
metrics,tafur,6
microdrama,makers,6
microdrama,trend,6
mid,sized,6
million,marking,6
minimizing,friction,6
mizuho,reduced,6
modern,biotech,6
modern,investors,6
modern,life,6
monero,recently,6
move,underscoring,6
multiple,senior,6
multivalent,displays,6
naics325620,toilet,6
naics532282,video,6
nasdaq,62,6
native,arms,6
native,operations,6
navigate,cumbersome,6
negative,employment,6
netflix's,typical,6
netomi,aimed,6
netomi's,funding,6
netomi's,position,6
netomi's,technology,6
netomi's,unique,6
netskope,exposure,6
netskope’s,recent,6
newly,upgraded,6
nflx,nasdaq,6
niche,agent,6
niche,feature,6
notable,companies,6
notable,investors,6
notably,100,6
nurturing,innovative,6
odor,analysis,6
offer,complementary,6
offering,investors,6
offering,researchers,6
ongoing,evolution,6
ongoing,recruitment,6
openai's,recent,6
openfx,strengthen,6
openfx's,ambition,6
openfx's,innovative,6
openfx's,technology,6
operational,complexities,6
operational,efficacy,6
operational,frameworks,6
operational,reliability,6
organic,chemicals,6
oueida,founder,6
outperform,rating,6
paced,world,6
park,lightspeed,6
partner,stated,6
partners,divests,6
partners,fuels,6
partners,involvement,6
partnership,aims,6
partnership,signifies,6
patient,experience,6
peltz,noted,6
peracha,announced,6
peracha,discusses,6
peracha,highlighted,6
personality,gabriela,6
phage,library,6
phage,toolkit,6
pivotal,role,6
pivotal,roles,6
plans,ultimately,6
platform,developed,6
platform,expansion,6
platform,facilitates,6
platform,focused,6
platform,highlights,6
platform,notably,6
platform's,integration,6
platforms,designed,6
platforms,offer,6
popular,latin,6
portfolio,pressure,6
portuguese,speaking,6
position,concludes,6
positioning,prosper,6
positions,netomi,6
posted,substantial,6
potential,class,6
potential,customers,6
potential,lightspeed's,6
powered,engine,6
powerful,engine,6
preferred,transparent,6
preparation,manufacturing,6
previously,carina,6
prices,76,6
primarily,focused,6
privacy,coins,6
privacy,solutions,6
private,funding,6
private,privacy,6
proactive,approach,6
produce,short,6
product,line,6
productivity,mizuho,6
profile,startups,6
program,designed,6
prominent,figures,6
promising,startup,6
propel,product,6
protect,transactional,6
providing,content,6
public,company,6
queries,directed,6
ram,rez,6
rationale,centers,6
rationale,private,6
reached,unicorn,6
recent,developments,6
recent,exit,6
recent,performance,6
recently,adjusted,6
recently,surpassed,6
recognition,88,6
recognition,algorithms,6
record,ehr,6
recruitment,efforts,6
reduce,operational,6
reduce,stop,6
reducing,trading,6
reflecting,idilio's,6
reflecting,lightspeed's,6
reflecting,varied,6
reflects,lightspeed's,6
region's,status,6
regulation,policy,6
regulators,asset,6
related,lightspeed,6
relationship,trends,6
release,1,6
reliability,positions,6
reliable,evaluation,6
removing,fragmentation,6
reported,arr,6
reportedly,consuming,6
representation,creative,6
representing,potential,6
reproducible,fragmentation,6
require,customers,6
reshape,entertainment,6
responses,prior,6
retailers,increasingly,6
revenue,arr,6
revenue,beat,6
revenue,increasing,6
robust,background,6
robust,portfolio,6
rohit,kaul's,6
roughly,30,6
round,accenture,6
round,aims,6
round,emphasizing,6
round,reflects,6
round,valuation,6
run,rate,6
sales,amounted,6
sandler,set,6
scale,freeing,6
scentaurus,platform,6
scheduling,prosper,6
sciences,creative,6
seamless,workflow,6
section,2,6
sector,lightspeed,6
sectors,including,6
sectors,notable,6
secures,110m,6
securing,talent,6
seeking,confidentiality,6
sensors,60,6
services,includes,6
set,18,6
share,bringing,6
shares,convertible,6
shares,isin,6
short,form,6
sic2869,industrial,6
sic7841,video,6
signaling,continued,6
significant,advancements,6
significant,amounts,6
significant,growth,6
significant,move,6
significant,strides,6
significant,traction,6
significantly,enhance,6
signifies,m13,6
slightly,surpassing,6
song,emphasized,6
space,13th,6
space,closely,6
space,evolves,6
speaking,audiences,6
speed,gene,6
spend,capital,6
spokesperson,noted,6
stability,key,6
stable,genomic,6
stake,persists,6
stakes,environments,6
startup,amid,6
startup,highlights,6
startup,landscape,6
startup,plans,6
startup,specializing,6
startup's,innovative,6
stating,netomi's,6
stitch,pitches,6
stitch's,expansion,6
stock,representing,6
strengthen,brand,6
strengthen,technology,6
strengthens,marketing,6
strong,endorsement,6
subsequently,adjusted,6
substantial,rallies,6
supporting,openfx's,6
supports,stitch's,6
suppress,returns,6
surpassed,100,6
surpassed,"500,000",6
surpassing,market,6
systems,seeking,6
tafur,emphasized,6
tape,disc,6
tape,rental,6
teams,alongside,6
technology,capabilities,6
technology,continue,6
technology,effectively,6
technology,increasingly,6
technology,spend,6
teens,88,6
telephony,75,6
tenure,signaling,6
term,partnerships,6
term,stability,6
ticker,givn,6
ticker,nflx,6
time,compared,6
times,underscoring,6
toilet,preparation,6
traction,boasting,6
trading,frictions,6
trading,landscape,6
trading,platform,6
traditional,customer,6
traditional,methods,6
transactional,data,6
transactions,ranging,6
transform,customer,6
transform,patient,6
transformative,technology,6
translating,existing,6
transparent,execution,6
trend,combining,6
trends,74,6
trian's,ceo,6
trusted,networks,6
typical,engagement,6
uber,ceo,6
ultimately,driving,6
underscores,growing,6
underscores,netomi's,6
unemployment,benefits,6
unique,platform,6
unique,position,6
unlike,earlier,6
unlock,additional,6
upcoming,fundraising,6
upgraded,platforms,6
upgrades,include,6
usability,78,6
users,reportedly,6
utilizing,prosper,6
valuation,hits,6
variants,featuring,6
varied,analyst,6
varied,views,6
vc,a16z,6
venture,firm,6
ventures,alongside,6
ventures,expands,6
vibrant,community,6
vision,impairments,6
wages,salaries,6
wndrco's,continued,6
workflows,ensuring,6
world,applications,6
yahya,a16z,6
yield,significant,6
1,jun,5
1,press,5
"1,470",crore,5
1.1,activities,5
1.2,billion,5
1.2,summary,5
10,crore,5
"10,000",devices,5
11,million,5
120,crore,5
130,crore,5
14,2026,5
1597,words,5
185,crore,5
2,million,5
2.5,times,5
20.87,crore,5
2026,alongside,5
2026,converts,5
2026,givaudan,5
2026,givaudan's,5
2273,words,5
2385,words,5
2505,words,5
27,million,5
32.65,lakh,5
3885,words,5
50,delta,5
50,online,5
50,ronald,5
500,crore,5
53,customer,5
53,platforms,5
54,m13,5
55,crore,5
58,dal,5
58,sic4512,5
58,united,5
66,monitors,5
67,biotechnology,5
67,business,5
67,customer,5
67,genomics,5
67,mobile,5
67,venture,5
68,biopharmaceuticals,5
68,biotechnology,5
68,financing,5
68,mobile,5
68,output,5
68,pets,5
69,digital,5
69,immunologic,5
69,retail,5
69,travel,5
70,chemicals,5
70,genes,5
70,platforms,5
70,product,5
70,retail,5
71,platforms,5
71,polishes,5
72,chemicals,5
72,stock,5
73,negative,5
73,product,5
73,software,5
73,sovereign,5
73,travel,5
73,user,5
730,crore,5
738,crore,5
74,foreign,5
74,fortune,5
74,venture,5
75,artificial,5
75,retail,5
76,venture,5
77,courtship,5
77,executives,5
77,fortune,5
77,polishes,5
77,sovereign,5
78,deafness,5
78,foreign,5
78,investment,5
79,latin,5
87,biotechnology,5
87,genomics,5
87,venture,5
87.22,crore,5
88,amino,5
88,customer,5
88,output,5
89,business,5
89,dna,5
89,holding,5
90,travel,5
90,united,5
91,business,5
93,latin,5
93,manufacturing,5
94,business,5
94,m13,5
94,naics531210,5
94,sic2869,5
94,stack,5
abhishek,singh,5
accelerate,product,5
actionable,follow,5
activities,company,5
additional,experience,5
ai,automates,5
ai,raises,5
air,transportation,5
alerting,solutions,5
alerting,technology,5
alongside,investment,5
alongside,wndrco,5
analytic,instrument,5
app,integration,5
applications,67,5
applications,68,5
approximately,10,5
approximately,500,5
apps,67,5
april,15,5
attributed,notes,5
automate,scheduling,5
average,daily,5
bank,idfc,5
based,credit,5
bengaluru,based,5
billion,round,5
biology,72,5
biopharmaceuticals,66,5
biopharmaceuticals,67,5
breaches,reinforcing,5
briaca,duesette,5
broader,initiative,5
broader,integrations,5
button,merging,5
call,center,5
canada,79,5
capital,raised,5
captioning,services,5
care,formulations,5
care,market,5
care,product,5
care,segment,5
cecilia,wang,5
centric,investments,5
chetan,garg,5
chromosomes,70,5
cleaning,product,5
client,centric,5
clients,include,5
clients,including,5
common,pet,5
companies,integral,5
company,disclosed,5
company,summary,5
company’s,leadership,5
competitive,home,5
competitive,position,5
complex,enterprise,5
compounds,enables,5
compounds,responsible,5
comprehensive,suite,5
computers,78,5
consistency,ndidi,5
consumer,behavior,5
consumer,brands,5
content,matters,5
converts,public,5
copyright,2025,5
corporation,mediacom,5
cost,enterprise,5
creators,investors,5
credit,health,5
credit,repayments,5
crore,accel,5
cultural,relevance,5
currency,73,5
daily,viewing,5
dal,nyse,5
data,generated,5
deaf,deafblind,5
deal,janus,5
deeper,customer,5
demand,verification,5
denver,offices,5
deploy,netomi’s,5
development,ceo,5
development,process,5
develops,communication,5
digital,economy,5
directing,capital,5
directly,applied,5
disabled,access,5
drew,support,5
driven,analytic,5
driven,breakthrough,5
driven,fragrance,5
driven,solutions,5
effective,cleaning,5
employing,real,5
enabled,cx,5
enabled,storytelling,5
enables,brands,5
engineering,growth,5
england,53,5
enhancing,givaudan's,5
enterprises,deploy,5
episodes,streamed,5
executives,70,5
executives,89,5
executives,90,5
expand,engineering,5
expanded,fivefold,5
expansion,75,5
expansion,76,5
experience,platform,5
experience,platforms,5
factors,68,5
factors,69,5
fast,pace,5
faster,market,5
finance,bank,5
financial,risks,5
fostering,growth,5
founders,vidit,5
fragrance,detection,5
fueling,faster,5
fund,led,5
funding,aligns,5
genomics,66,5
genomics,67,5
genuinely,neutralize,5
givaudan,launched,5
givaudan,unveils,5
givaudan's,fragrance,5
givaudan's,position,5
givaudan's,shares,5
givaudan's,strategic,5
giving,formulators,5
growth,deeper,5
guillermo,rauch,5
health,systems,5
helping,define,5
henderson,trian,5
horowitz,leads,5
horowitz,partner,5
horowitz's,involvement,5
hospital,illustrating,5
human,panels,5
human,perception,5
idilio,leverages,5
idilio,raises,5
idilio,reports,5
iii,cities,5
illustrating,demand,5
include,a16z,5
includes,athenahealth,5
includes,transformative,5
including,delta,5
including,guillermo,5
including,speaker,5
including,volatile,5
increasingly,competitive,5
innovation,76,5
insight,partners,5
integrate,scentaurus,5
intelligence,regulation,5
intensity,including,5
internal,performance,5
internet,social,5
introduced,idilio,5
invested,rs,5
investment,highlights,5
investment,platforms,5
investors,reacted,5
june,2025,5
kaz,nejatian,5
kumar,oolka,5
lab,results,5
latam,microdrama,5
launch,idilio,5
launches,scentaurus,5
leading,electronic,5
legal,advisers,5
length,1597,5
length,2273,5
length,2385,5
length,2505,5
length,3885,5
llc,56,5
m13,complements,5
m13,data,5
m13,designed,5
m13,offers,5
m13,operates,5
m13,quantifies,5
machine,translation,5
makers,72,5
malodor,management,5
manufacturing,94,5
market,recently,5
markets,idilio,5
mati,staniszewski,5
meaningfully,developed,5
media,90,5
merging,pattern,5
metrics,77,5
metrics,78,5
metrics,streamlining,5
microdrama,startup,5
million,users,5
minutes,signaling,5
mobile,audiences,5
model,directing,5
monetize,content,5
move,shifts,5
navigates,customer,5
nec,94,5
netomi,announced,5
netomi,underlines,5
neutralize,common,5
news,77,5
news,released,5
nick,gordon,5
nnetomi’s,platform,5
nonetheless,givaudan's,5
north,america,5
nthe,round,5
nyse,50,5
objective,data,5
october,2025,5
odor,management,5
odors,supported,5
offers,significant,5
oil,gas,5
operating,revenue,5
operations,exposure,5
overseeing,financial,5
ownership,model,5
partner,jay,5
partners,contributing,5
performance,metrics,5
pets,66,5
pets,67,5
platform,acts,5
platforms,technology,5
policy,78,5
preserving,cultural,5
previously,reliant,5
price,increases,5
privacy,69,5
privately,held,5
product,claims,5
production,scale,5
products,74,5
products,enhancing,5
progress,janus,5
proprietary,sensors,5
proteins,86,5
proteins,87,5
providers,andreessen,5
quantifiable,lab,5
raises,30,5
raises,5.5,5
ramirez,combining,5
rauch,mati,5
reach,mobile,5
reacted,positively,5
recently,aims,5
recognition,63,5
recognition,69,5
recognition,78,5
reduces,friction,5
reflecting,29,5
regional,markets,5
reinforcing,confidence,5
reliable,ai,5
remains,robust,5
removing,administrative,5
reports,1.5,5
reports,reviews,5
research,reports,5
results,ceo,5
retailers,demand,5
revenue,run,5
reviews,sections,5
revolutionize,pet,5
rochester,institute,5
roster,includes,5
round,include,5
round,includes,5
round,worth,5
royal,association,5
rs,100,5
rs,130,5
rs,20.87,5
rs,32.65,5
rs,730,5
rs,87.22,5
rughani,emphasized,5
s.a,launches,5
sa,94,5
saamer,mansoor,5
sanjeev,barnwal,5
scale,agentic,5
scheduled,50,5
scheduling,billing,5
science,67,5
science,68,5
secures,110,5
segment,fostering,5
sensors,giving,5
serves,major,5
shares,rose,5
shifts,janus,5
shorten,cleaning,5
sic4512,air,5
signaling,growing,5
significant,advantages,5
social,networking,5
sophisticated,device,5
speaker,attributed,5
stage,deals,5
startup,focused,5
startup,idilio,5
startup,scales,5
steps,providers,5
strategic,privatization,5
streamed,average,5
streamline,production,5
strong,engagement,5
supervisors,73,5
supervisors,74,5
support,engineering,5
swx,94,5
systems,fueling,5
tech,landscape,5
technology,71,5
technology,73,5
technology,94,5
technology,enabled,5
term,investment,5
term,ownership,5
tier,ii,5
tier,iii,5
time,data,5
tools,nonetheless,5
training,78,5
transformative,companies,5
transportation,scheduled,5
type,bard_snippets,5
united,air,5
unpleasant,pet,5
unveils,scentaurus,5
usa,90,5
usa,94,5
users,track,5
utkrishta,kumar,5
verifiable,claims,5
vidit,aatrey,5
viewing,runs,5
vision,engineering,5
wndrco,investment,5
worth,5.5,5
12.7,million,4
1674,words,4
19,2026,4
2,2026,4
2,trillion,4
20,billion,4
20.86,crore,4
2025,rylo,4
2026,seeks,4
2026,valuation,4
2244,words,4
2b,funding,4
30,2025,4
3443,words,4
3rd,july,4
4,2026,4
5.52,lakh,4
5.58,crore,4
50,computer,4
50,technology,4
56,million,4
58,jhg,4
60,artificial,4
60,sovereign,4
63,sic6211,4
65,customer,4
69,employment,4
72,pharmaceuticals,4
74,alliances,4
75,digital,4
76,foreign,4
76,investment,4
76,press,4
77,biology,4
77,delistings,4
77,disabled,4
77,financing,4
77,investment,4
77,privatization,4
77,prosthetic,4
77,stock,4
78,computer,4
78,disabled,4
78,entrepreneurship,4
78,product,4
78,sovereign,4
78,voice,4
8,billion,4
88,investment,4
89,pattern,4
89,social,4
90,banking,4
90,computer,4
90,consumers,4
90,digital,4
90,human,4
90,internet,4
90,social,4
92,germany,4
92,norway,4
93,pharmaceuticals,4
94,united,4
a16z,anchors,4
a16z,crypto's,4
a16z,leading,4
a16z,signals,4
a16z's,tendency,4
accelerate,ai,4
activity,includes,4
ad,hoc,4
additionally,andreessen,4
adds,considerable,4
administrative,automation,4
adoption,aiming,4
adoption,positioning,4
advertising,89,4
advice,58,4
ai,centric,4
ai,fueling,4
ai,personal,4
akshay,narisetti,4
alongside,heavyweight,4
ambitious,private,4
amidst,fluctuations,4
apna,mart's,4
app,development,4
application,programming,4
applied,artificial,4
approximately,12.7,4
art,assets,4
attract,capital,4
attracted,participation,4
backer,signals,4
based,workflows,4
benefits,69,4
bessemer,venture,4
billion,capital,4
billion,private,4
billion,reflecting,4
billion,tokens,4
boost,customer,4
briefs,87,4
bringing,total,4
broader,fintech,4
broader,market,4
businesses,manage,4
calls,speech,4
capital,commitment,4
capital,due,4
capital,infusion,4
capital,investors,4
capital,pillar,4
catalyst,trian's,4
centric,platforms,4
centric,startups,4
chapter,highlighting,4
child,care,4
citizenship,displacement,4
clarity,voice,4
client,names,4
cloud,native,4
collectively,retained,4
commercial,alternatives,4
companies,63,4
companies,navigate,4
companies,pursuing,4
compensation,benefits,4
compete,globally,4
completed,ten,4
compliance,investor,4
concise,summaries,4
considerable,weight,4
contour,participating,4
contracts,69,4
contributing,10,4
contributing,factors,4
conversational,ai,4
core,financial,4
coronavirus,64,4
corporation,peer,4
cost,systems,4
courey,jimenez,4
crore,approximately,4
crore,series,4
cross,border,4
crypto's,investment,4
currency,risk,4
cursor’s,valuation,4
data,centers,4
deafness,89,4
deafness,90,4
deal,elevated,4
deal,signals,4
deepen,ehr,4
defense,industrials,4
deliveroo,uipath,4
deshpande,raised,4
details,remain,4
developing,ai,4
development,75,4
development,hiring,4
devices,78,4
digital,transformation,4
disinformation,misinformation,4
dismissals,72,4
displacement,77,4
disruptive,innovation,4
diversity,inclusion,4
driven,options,4
economic,development,4
economy,71,4
economy,76,4
educational,institution,4
effective,solutions,4
ehr,integrations,4
elc,system,4
elections,78,4
elevated,cursor’s,4
elite,club,4
elon,musk,4
employment,contracts,4
energy,prices,4
engineering,boost,4
enterprise,centric,4
enterprise,operations,4
enterprise,solutions,4
enterprises,globally,4
essential,nature,4
established,players,4
europe,79,4
exact,valuation,4
expansion,74,4
eyes,2b,4
features,including,4
figure,rounds,4
figure,sums,4
financial,infrastructure,4
fintech,funding,4
firm's,recent,4
firms,contend,4
firms,operate,4
flexible,api,4
founder,akshay,4
france,92,4
fuel,product,4
fueling,growth,4
fund,converted,4
funding,cycles,4
funding,details,4
funding,effort,4
funding,size,4
future,trajectory,4
gains,relevance,4
game,logic,4
germany,92,4
global,financial,4
globalization,71,4
globalization,73,4
globally,necessitating,4
grade,risk,4
graduation,69,4
growing,businesses,4
hardware,device,4
hardware,startups,4
healthcare,administrative,4
healthcare,financial,4
heavyweight,investors,4
held,companies,4
helm,aiming,4
helping,businesses,4
highlighting,transformative,4
hiring,grants,4
hkse,63,4
hoc,tooling,4
horowitz,adds,4
horowitz,marking,4
horowitz,takes,4
horowitz's,strategic,4
horowitz’s,strategy,4
housing,market,4
human,machine,4
immigration,citizenship,4
impact,ventures,4
impending,funding,4
improved,oversight,4
includes,established,4
including,exposure,4
incorporates,speaker,4
increasing,pillar,4
increasingly,vital,4
indian,languages,4
indicating,strong,4
indonesia,79,4
indonesia,92,4
industrials,climate,4
industry,77,4
industry,watchers,4
information,security,4
infrastructure,involvement,4
innovative,tech,4
institution,graduation,4
insurance,system,4
intermediation,63,4
interpersonal,communication,4
interpreters,89,4
investment,76,4
investment,77,4
investment,90,4
investment,publicly,4
investors,lightspeed,4
ipo,valuation,4
jakarta,indonesia,4
july,2,4
jun,11,4
june,16,4
keenly,observing,4
khosrowshahi,adds,4
khosrowshahi,lends,4
lab,underscoring,4
labor,employment,4
labor,sector,4
lake,city,4
lakh,founded,4
landmark,8,4
landscape,depending,4
landscape,includes,4
language,translation,4
layoffs,dismissals,4
leading,announced,4
leading,global,4
leading,language,4
leads,pillar,4
legacy,based,4
lends,credibility,4
length,1674,4
length,2244,4
length,3443,4
life,90,4
lifestyle,78,4
llc,57,4
logic,art,4
losing,income,4
luciana,lixandru,4
madhukar,characterized,4
madhukar,noted,4
maguire,noted,4
maintaining,operational,4
major,advances,4
major,investments,4
manage,financial,4
management,replacing,4
manufacturing,76,4
march,2026,4
market,segmentation,4
market,watchers,4
markets,multiple,4
massachusetts,based,4
mayer's,vision,4
meaningful,improvements,4
means,losing,4
mega,deals,4
mexico,79,4
million,kaul,4
million,pillar,4
modern,business,4
modern,enterprise,4
modern,enterprises,4
modernize,risk,4
move,teams,4
ms,ching,4
multiple,currencies,4
names,include,4
native,devices,4
navigate,volatile,4
necessitating,improved,4
netherlands,79,4
norway,92,4
offering,api,4
offering,complex,4
offering,priced,4
officer,ali,4
omli,develops,4
operational,efficiency,4
operations,78,4
operations,continue,4
operations,experience,4
operations,including,4
operators,supporting,4
opportunities,ahead,4
overarching,strategy,4
oversight,hedging,4
partner,luciana,4
partner,shaun,4
paul,kedrosky,4
peers,andreessen,4
people,rad,4
performance,87,4
personal,assistants,4
personal,investment,4
persons,60,4
persons,89,4
pillar,aligns,4
pillar,founded,4
pillar,plans,4
pillar,positions,4
pillar,raises,4
pillar,secures,4
pillar,seed,4
pillar's,focus,4
pillar’s,approach,4
pillar’s,mission,4
plan,announced,4
platform,founded,4
platforms,linked,4
players,offering,4
portfolio,includes,4
post,ipo,4
potential,dynamics,4
powered,credit,4
price,target,4
private,75,4
private,76,4
private,enterprises,4
private,round,4
privatization,77,4
product,offering,4
product,scope,4
product,specifics,4
product,vision,4
profile,backer,4
programming,interfaces,4
propel,switch,4
providing,flexible,4
public,offering,4
pursuing,major,4
quotient,founded,4
raised,ten,4
raises,20,4
recent,blog,4
recent,history,4
regulatory,environments,4
regulatory,regimes,4
related,platforms,4
relations,77,4
replacing,spreadsheets,4
reported,operating,4
reports,revenue,4
retailing,66,4
retained,"62,843,207",4
rich,countries,4
risk,gains,4
risk,platform,4
risk,tools,4
risks,traditionally,4
roughly,2,4
round,attracted,4
round,unfolds,4
rounds,78,4
rounds,typically,4
rs,20.86,4
rs,5.52,4
rs,5.58,4
rylo,launched,4
salaries,71,4
salt,lake,4
scope,remain,4
seasoned,operators,4
sector,performance,4
secures,20,4
secures,2b,4
securing,major,4
seed,financing,4
seed,rounds,4
selling,"1,313,827",4
separate,development,4
separately,reported,4
sequoia's,investment,4
service,73,4
services,90,4
setting,2,4
shaun,maguire,4
signals,confidence,4
signals,investor,4
significant,moment,4
silicon,valley,4
simplify,financial,4
single,funding,4
single,raise,4
smart,technology,4
solutions,remain,4
space,bolstered,4
space,viewed,4
spacex,alumni,4
specific,valuation,4
specifics,remain,4
speed,product,4
spoken,languages,4
stakes,investments,4
stakes,purchase,4
stand,retailing,4
standing,pain,4
startup,built,4
startup,developed,4
startup,oolka,4
startup,pillar,4
startups,providing,4
strategic,focus,4
strategic,vision,4
student,life,4
students,student,4
subject,artificial,4
subject,technology,4
summaries,speaker,4
supports,treasury,4
switch,completes,4
switch,eyes,4
switch,marks,4
switch,prepares,4
switch,secures,4
switch's,2,4
switch's,future,4
switch's,strategic,4
takes,lead,4
talks,meetings,4
talks,progress,4
targeting,roughly,4
targeting,tier,4
tech,startups,4
technical,users,4
technology,75,4
technology,defense,4
technology,recently,4
technology,talent,4
temporary,stand,4
thailand,54,4
time,a16z,4
time,communication,4
token,cc,4
track,manage,4
trade,76,4
traditionally,reliant,4
transaction,drew,4
transaction,fees,4
transaction,involving,4
transactions,lightspeed,4
treasury,oversight,4
typically,trend,4
underpins,modern,4
united,kingdom,4
unofficial,economy,4
valuable,private,4
ventures,showcasing,4
video,relay,4
voices,demonstrating,4
volatile,markets,4
volatility,currency,4
workplace,71,4
10,minutes,3
10,times,3
15,2025,3
16,2026,3
17,2025,3
2,compliant,3
2025,accel,3
2026,accel,3
2026,convertible,3
2026,gurugram,3
25,2026,3
"35,000",devices,3
5,2026,3
53,london,3
58,business,3
63,google,3
63,m13,3
63,naics519290,3
68,jhg,3
69,0086,3
69,naics523150,3
69,sic6282,3
69,sun,3
7,million,3
7.67,netskope,3
70,prosthetic,3
71,ai,3
71,artificial,3
71,financial,3
71,pattern,3
72,emerging,3
72,massachusetts,3
73,banking,3
73,investment,3
73,labor,3
73,tel,3
73,united,3
74,digital,3
74,manufacturing,3
74,product,3
74,technology,3
74,thailand,3
74,trends,3
75,ai,3
75,product,3
76,computer,3
76,crore,3
76,delistings,3
76,economic,3
76,emerging,3
76,executives,3
76,financial,3
76,negative,3
76,oil,3
76,prosthetic,3
76,voice,3
76,wages,3
76,writers,3
77,ai,3
77,asset,3
77,emerging,3
77,human,3
77,news,3
77,pattern,3
77,trends,3
77,venture,3
78,asset,3
78,graduate,3
78,news,3
78,society,3
78,strategic,3
79,israel,3
79,massachusetts,3
79,north,3
87,business,3
87,unemployment,3
89,acoustic,3
89,alliances,3
89,disabled,3
89,innovation,3
89,labor,3
89,sovereign,3
9,million,3
90,asset,3
90,consumer,3
90,delistings,3
90,disabled,3
90,editorials,3
90,industry,3
93,chemicals,3
93,foreign,3
academy,graduate,3
access,77,3
accuracy,completeness,3
activities,revolve,3
address,accuracy,3
administration,platform,3
adoption,jay,3
advice,newstex,3
advisory,services,3
ai,71,3
ai,76,3
ai,78,3
ai,communication,3
ai,officer,3
alex,tran,3
alongside,trian,3
american,sign,3
analytics,90,3
approximately,"1,470",3
approximately,135,3
architecture,89,3
arm,a16z,3
arora,managing,3
associations,organizations,3
asx,69,3
athul,jacob,3
audio,71,3
audio,78,3
author,based,3
b2b,electronic,3
based,content,3
based,global,3
based,startup,3
baz,planner,3
behavior,90,3
belgium,74,3
bhargava,managing,3
bischoff,managing,3
blockchain,77,3
blue,collar,3
bob,thornton,3
bodies,offices,3
bohn,managing,3
border,collaboration,3
broad,spectrum,3
call,centers,3
capital,77,3
capital,led,3
catalyst,established,3
catalyst,founded,3
centers,65,3
centric,language,3
ceo,mohamed,3
chairman,managing,3
characterized,children,3
chatbots,78,3
chenault,50,3
chenault,chairman,3
chief,ai,3
chief,human,3
ching,commented,3
chris,bischoff,3
citing,strategic,3
civil,engineering,3
civil,liberties,3
civil,rights,3
claiming,revenue,3
claims,promises,3
clark,managing,3
client,solutions,3
cognitive,load,3
collaboration,frameworks,3
collar,workers,3
commodities,prices,3
company,reporting,3
company's,cfo,3
consideration,subsequently,3
consumer,confidence,3
consumer,facing,3
consumer,sentiment,3
consumer,spending,3
consumers,90,3
consumers,expect,3
content,distributed,3
content,newstex,3
contributed,rs,3
corporation,peers,3
covid,19,3
create,playable,3
crises,76,3
crore,valuation,3
cultivate,resilient,3
curated,news,3
currencies,77,3
currency,72,3
customer,centric,3
customer,data,3
cutler,managing,3
cybercrime,72,3
data,analytics,3
date,september,3
david,fialkow,3
deeper,integrations,3
deflation,78,3
delete,stories,3
demonstrating,meaningful,3
detection,model,3
developments,spanning,3
devices,69,3
dibadj,remaining,3
digital,divide,3
diodes,86,3
director,head,3
disability,accommodations,3
discrimination,90,3
distributors,collectively,3
distributors,expressly,3
distributors,stories,3
donald,trump,3
economy,73,3
ecosystem,integration,3
edge,computing,3
editorials,opinions,3
efb,programs,3
electronic,commerce,3
elena,viboch,3
emerges,prominently,3
emitting,diodes,3
emotional,analysis,3
emotions,72,3
employee,engagement,3
employee,feedback,3
energy,exports,3
engineering,74,3
engineering,75,3
engineering,78,3
england,55,3
england,57,3
established,tech,3
european,partner,3
exchanges,71,3
executing,openfx's,3
executives,87,3
exhibitions,70,3
expanding,engineering,3
expansion,plans,3
experience,m13,3
exports,imports,3
expressly,reserve,3
fialkow,managing,3
fielding,cfo,3
financial,returns,3
financial,software,3
firm,invests,3
firm,maintaining,3
firm,managing,3
fivefold,revenue,3
fmcg,chain,3
forerunner,ventures,3
founder,chief,3
founding,teams,3
fragmented,ecosystems,3
franchise,led,3
fraud,75,3
furstenberg,managing,3
garg,apna,3
geographic,tel,3
google,maps,3
government,bodies,3
graduate,professional,3
growth,alongside,3
growth,equity,3
health,assurance,3
hearing,communities,3
hirsh,jain,3
holly,maloney,3
home,prices,3
horowitz,led,3
horowitz,sequoia,3
housing,crises,3
human,centric,3
ieee,access,3
impairments,72,3
imports,68,3
including,biology,3
including,deliveroo,3
including,healthcare,3
inclusion,78,3
inclusive,hiring,3
increases,77,3
independent,research,3
india,invested,3
india's,digital,3
individual,investors,3
industry,developments,3
industry,leaders,3
industry,leading,3
information,contained,3
information,provided,3
infrastructure,62,3
infrastructure,66,3
infrastructure,70,3
infrastructure,76,3
infrastructure,78,3
innovation,78,3
institutional,adoption,3
intelligence,50,3
intelligence,84,3
intelligence,85,3
intelligence,emerges,3
intelligence,fraud,3
interactive,marketing,3
investor,india,3
investors,nec,3
involving,janus,3
israel,51,3
israel,72,3
jeannette,zu,3
job,satisfaction,3
joel,cutler,3
july,4,3
jun,10,3
jun,12,3
jun,13,3
june,25,3
ken,chenault,3
key,recent,3
kv,mohan,3
kwan,managing,3
language,interpreters,3
language,models,3
largest,cryptocurrency,3
larry,bohn,3
law,90,3
leading,provider,3
legislative,bodies,3
light,emitting,3
light,sound,3
line,calling,3
llc,58,3
lse,69,3
machine,interaction,3
madhu,namburi,3
mainstream,consumer,3
maloney,managing,3
marc,bhargava,3
market,78,3
market,90,3
market,opportunity,3
market,presence,3
market,research,3
market,share,3
markets,77,3
markets,90,3
mart,operates,3
mart's,valuation,3
massachusetts,operates,3
matrix,partners,3
media,marketing,3
michigan,usa,3
midterm,elections,3
million,headquartered,3
mohan,managing,3
namburi,managing,3
narisetti,stated,3
native,technology,3
neeraj,arora,3
neighborhood,store,3
nejatian,pocket,3
net,loss,3
netskope,separately,3
networking,90,3
news,roundup,3
news,service,3
newstex,llc,3
notable,developments,3
november,14,3
nyse,69,3
october,2024,3
oelschig,managing,3
offering,strategic,3
offices,89,3
omnichannel,grocery,3
onescore,paisabazaar,3
online,marketing,3
openfx's,product,3
operational,expertise,3
opinions,90,3
opinions,commentary,3
opportunity,achievement,3
outperform,ratings,3
output,71,3
output,72,3
output,74,3
painting,76,3
partnerships,73,3
partnerships,including,3
patented,technology,3
paul,fielding,3
paul,kwan,3
peer,firm,3
peer,insights,3
peers,curated,3
peracha,stated,3
permid,5068473096,3
persistent,pain,3
person,kenneth,3
personnel,management,3
photography,85,3
playable,games,3
plc,69,3
pocket,announced,3
polls,surveys,3
powered,alerting,3
pranav,singhvi,3
prepackaged,software,3
prices,69,3
prices,88,3
prices,89,3
prior,seed,3
products,78,3
products,90,3
professional,advice,3
professional,schools,3
project,management,3
prominent,position,3
prominently,fueled,3
property,prices,3
providing,venture,3
public,policy,3
pwds,rated,3
quentin,clark,3
quick,commerce,3
rebranding,73,3
recent,news,3
recognition,71,3
recognition,73,3
recognition,76,3
recognition,ai,3
reflects,confidence,3
research,institutions,3
residential,construction,3
resilient,enterprises,3
resources,90,3
resources,personnel,3
respective,author,3
robotics,70,3
rochester,ny,3
round,citing,3
round,founded,3
sagalov,managing,3
schools,78,3
seeking,opportunities,3
segments,applied,3
seoul,office,3
services,56,3
services,83,3
services,operational,3
sic6799,investors,3
sic7372,prepackaged,3
singaporeans,care,3
singhvi,managing,3
soc,2,3
societal,benefits,3
software,91,3
sole,discretion,3
sound,recognition,3
space,peracha,3
spacex's,public,3
stigmatized,conditions,3
stock's,52,3
store,model,3
strategic,advisory,3
stripe,underscoring,3
strong,emphasis,3
subject,business,3
subject,financing,3
subsequently,selling,3
summary,top,3
supervisors,89,3
teams,drawing,3
tech,company,3
technical,training,3
technology,91,3
technology,investment,3
thomas,mathew,3
thornton,ceo,3
ticker,generalcatalyst,3
total,capital,3
total,proceeds,3
tracking,trends,3
traditional,alerting,3
trained,predominantly,3
tran,managing,3
transformations,managing,3
trends,mediacom,3
trevor,oelschig,3
trillion,dollar,3
uk,consumers,3
university,penn,3
update,key,3
usa,91,3
usa,99,3
user,wrote,3
ventures,worldwide,3
viboch,managing,3
views,expressed,3
visionary,entrepreneurs,3
visually,impaired,3
vocational,technical,3
wang,partner,3
warby,parker,3
wearable,computers,3
wearable,recording,3
wearable,technology,3
white,collar,3
workplace,77,3
workplace,diversity,3
workplace,support,3
york,usa,3
yuri,sagalov,3
zu,furstenberg,3
1,rochester,2
1,sorenson,2
"1,800",students,2
10,unaware,2
12,2025,2
14,2025,2
19,coronavirus,2
19,press,2
"2,367",series,2
2018,struggled,2
2025,convertible,2
2025,newsrx,2
2025,shipping,2
2025,thursday,2
2026,academy,2
2026,argued,2
2026,cable,2
2026,delivered,2
2026,highlighting,2
2026,insight,2
2026,pocket,2
2026,sorenson,2
2026,valuing,2
2026,yahya,2
21st,june,2
23rd,december,2
"24,000",adults,2
25,2025,2
27,2026,2
28,2026,2
29,2025,2
30,countries,2
35,million,2
"35,000",units,2
40,clients,2
51,europe,2
53,united,2
54,central,2
55,jhg,2
58,customer,2
58,openview,2
58,sic6282,2
60,company,2
60,infectious,2
60,million,2
60,percent,2
62,stock,2
63,artificial,2
63,company,2
63,delistings,2
63,percent,2
64,disabled,2
65,google,2
65,naics519290,2
65,sic6211,2
66,ai,2
66,compensation,2
66,information,2
66,percent,2
67,covid,2
67,percent,2
68,acoustic,2
68,research,2
68,technology,2
69,compensation,2
69,reports,2
69,technology,2
69,temporary,2
69,venture,2
70,cybercrime,2
70,manufacturing,2
70,stock,2
70,united,2
71,chatbots,2
71,cloud,2
71,delistings,2
71,educational,2
71,technology,2
71,unemployment,2
71,unofficial,2
71,voice,2
72,ai,2
72,digital,2
72,financial,2
72,foreign,2
72,labor,2
72,pattern,2
72,sovereign,2
72,wages,2
73,deafness,2
73,jhg,2
73,layoffs,2
73,painting,2
73,strategic,2
74,delistings,2
74,jhg,2
75,business,2
75,company,2
75,deafness,2
75,disruptive,2
75,economic,2
75,society,2
75,technology,2
75,usability,2
75,voice,2
75,wearable,2
76,523910,2
76,disinformation,2
76,energy,2
76,executive,2
76,light,2
76,manufacturing,2
76,percent,2
76,price,2
76,sovereign,2
77,accessible,2
77,disinformation,2
77,employment,2
77,equity,2
77,gig,2
77,percent,2
77,relationship,2
77,social,2
77,society,2
78,children,2
78,data,2
78,elections,2
78,energy,2
78,engineering,2
78,financing,2
78,housing,2
78,human,2
78,immigration,2
78,innovation,2
78,interactive,2
78,public,2
78,tennis,2
78,usability,2
78,workplace,2
79,belgium,2
79,canada,2
79,europe,2
79,financial,2
79,france,2
79,indonesia,2
79,jakarta,2
79,mexico,2
79,netherlands,2
8,million,2
8.95,approximately,2
83,alliances,2
83,company,2
83,financial,2
83,sovereign,2
84123,united,2
85,company,2
85,output,2
86,artificial,2
86,company,2
86,delistings,2
86,educational,2
86,information,2
86,manufacturing,2
87,negative,2
87,online,2
87,writers,2
88,executives,2
88,managers,2
88,voice,2
89,adults,2
89,b2b,2
89,call,2
89,child,2
89,children,2
89,company,2
89,consumers,2
89,deafness,2
89,delistings,2
89,economic,2
89,engineering,2
89,equity,2
89,generative,2
89,housing,2
89,immigration,2
89,layoffs,2
89,machine,2
89,postproduction,2
89,product,2
89,prosthetic,2
89,relationship,2
89,retail,2
89,translators,2
90,accessible,2
90,architecture,2
90,captioning,2
90,certificates,2
90,chemicals,2
90,child,2
90,colleges,2
90,deafness,2
90,disability,2
90,eix,2
90,electronic,2
90,gig,2
90,investment,2
90,labor,2
90,legislation,2
90,market,2
90,massachusetts,2
90,pharmaceuticals,2
90,prices,2
90,ride,2
90,smart,2
90,temporary,2
90,translators,2
90,vision,2
90,voice,2
90,workplace,2
91,equity,2
91,jhg,2
92,belgium,2
92,canada,2
92,donald,2
92,indonesia,2
92,massachusetts,2
92,netherlands,2
92,voice,2
93,information,2
96,exhibitions,2
99,business,2
99,mexico,2
a.i,boosterism,2
a.i,chief,2
a.i,disruption,2
a.i,means,2
a.i,optimistic,2
a.i,pessimism,2
a.i,sentiment,2
a.i,substitution,2
abstract,people,2
accel,partner,2
accelerated,market,2
access,78,2
accessible,systems,2
accessible,technology,2
accumulated,professional,2
accuracy,gaps,2
acquisition,strategy,2
acumen,gap,2
additional,support,2
additionally,participated,2
address,longstanding,2
administration,78,2
adults,69,2
adults,87,2
advanced,economy,2
advertising,87,2
advice,55,2
advice,68,2
advice,73,2
advice,74,2
advice,91,2
advisement,provided,2
adwords,positions,2
affective,computing,2
agreements,55,2
agreements,78,2
ai,accessibility,2
ai,based,2
ai,capabilities,2
ai,companies,2
ai,company,2
ai,data,2
ai,line,2
ai,portfolio,2
ai,raised,2
ai,revolution,2
ai,technology,2
ai's,platform,2
alerting,capabilities,2
alerting,devices,2
alerting,system,2
alongside,fundamentum,2
alongside,lead,2
alongside,nvidia,2
alongside,total,2
ambitious,gritty,2
america,means,2
american,a.i,2
american,civil,2
american,consumers,2
american,nervousness,2
american,safety,2
american,socioeconomic,2
americans,a.i,2
americans,agree,2
americans,pessimism,2
analytics,78,2
animation,discovery,2
announced,june,2
antiquated,social,2
appeal,hampered,2
apple,foundation,2
apple,media,2
applications,77,2
applications,78,2
appointing,rohit,2
appointments,76,2
apprenticeships,internships,2
approximately,0.16,2
approximately,1.2,2
approximately,15,2
approximately,60,2
approximately,8.95,2
april,17,2
april,9,2
arr,performance,2
asian,news,2
asset,space,2
assets,72,2
assets,89,2
assets,90,2
assistants,dazzle,2
assistants,unfolds,2
assistive,technology,2
astrocade,announced,2
asx,58,2
audio,reminders,2
australia,canada,2
authorities,73,2
authority,public,2
b2c,buyer,2
baby,boomers,2
banking,financial,2
banking,lending,2
banking,partnerships,2
based,learning,2
basis,netskope,2
beaware,deaf,2
behavior,cognition,2
bernie,sanders,2
bewlay,chief,2
bill,gates,2
biology,capital,2
biology,energy,2
biology,longevity,2
biopharmaceuticals,65,2
blame,employer,2
blindness,90,2
blinkit,swiggy,2
blockchain,adoption,2
blockchain,ecosystem,2
blockchain,historically,2
blockchain,investment,2
blockchain,landscape,2
blockchain,technologies,2
bluesky,whatsapp,2
board,approved,2
bodies,90,2
bold,return,2
bolstering,openfx's,2
boring,company,2
boston,ma,2
broader,commitment,2
broader,efforts,2
broader,industry,2
broader,participation,2
broader,strategy,2
broadly,similar,2
build,brand,2
building,brand,2
building,generational,2
building,innovative,2
built,specifically,2
burgeoning,field,2
business,analytics,2
business,cooperatives,2
business,software,2
buying,journey,2
cab,driver,2
cable,news,2
campaigns,73,2
campaigns,elections,2
candidly,reflected,2
canton,signals,2
capabilities,including,2
capital,93,2
capital,96,2
capital,education,2
capital,firm's,2
capital,intensity,2
capital,piper,2
capital,rbc,2
capture,conversations,2
care,50,2
care,independently,2
career,jobs,2
cascade,income,2
catalyst,finalized,2
cellular,telephones,2
central,europe,2
centric,services,2
centric,solutions,2
certificates,degrees,2
challenge,based,2
challenge,winner,2
chief,executives,2
china,99,2
chinese,citizens,2
chromosomes,87,2
citing,arr,2
citizens,85,2
city,ut,2
claimed,revenue,2
club,green,2
code,review,2
coding,mentor,2
cognition,77,2
college,graduation,2
college,university,2
colleges,universities,2
combine,patented,2
combined,exceptional,2
combining,cutting,2
commerce,89,2
commerce,departments,2
committed,55,2
communication,76,2
community,powered,2
companies,65,2
company,builds,2
company,google,2
company,press,2
company,sun,2
company,targets,2
company,website,2
company's,board,2
company's,total,2
competitive,ai,2
complaint,reads,2
comprehensively,blame,2
compulsorily,convertible,2
computer,networks,2
computing,71,2
concept,video,2
confidence,89,2
conflicts,72,2
connect,signed,2
considerable,progress,2
construction,71,2
construction,76,2
consumer,activity,2
consumer,ai,2
consumer,expectations,2
consumer,products,2
consumers,60,2
consumers,77,2
consumption,education,2
contact,management,2
content,providers,2
content,quality,2
continue,operating,2
contracts,benefits,2
contributing,rs,2
convertible,preference,2
cooperatives,75,2
corporation,sector,2
count,spacex,2
countries,found,2
countries,means,2
countries,rich,2
coverage,simultaneously,2
covid,coronavirus,2
creating,transformative,2
creation,tools,2
creative,tech,2
credit,services,2
critical,pivot,2
crore,apna,2
crore,founded,2
crore,meesho,2
crucial,enabler,2
crude,petroleum,2
crypto,articulated,2
crypto,bets,2
crypto,emphasizing,2
crypto,landscape,2
cryptocurrency,transactions,2
curricula,76,2
cursor,developed,2
cybersecurity,73,2
d'nara,cush,2
daily,life,2
daily,news,2
dangerous,future,2
dario,amodei,2
data,90,2
data,center,2
data,security,2
date,april,2
date,march,2
david,goldman,2
dazzle,marks,2
dazzle,mayer's,2
dazzle,prepares,2
dazzle,secures,2
dazzle's,ambition,2
dazzle's,functionality,2
deaf,assistant,2
deaf,tech,2
deaf,uber,2
deafness,69,2
deafness,75,2
december,2025,2
december,22,2
decoupling,health,2
degree,programs,2
degrees,diplomas,2
deliver,exceptional,2
deliver,tangible,2
delivering,groceries,2
demand,74,2
demand,77,2
demis,hassabis,2
demonstrating,significant,2
departments,89,2
departments,authorities,2
designed,specifically,2
detection,capabilities,2
detectors,67,2
detroit,mi,2
detroit's,tech,2
developer,academies,2
development,67,2
development,69,2
development,70,2
development,announced,2
device,designed,2
device,pocket,2
devnagri,ai,2
digital,services,2
digitalization,digital,2
direct,action,2
director,commented,2
disabilities,72,2
disabilities,act,2
disabilities,pwds,2
discovery,studio,2
disease,60,2
displays,61,2
distracted,cecilia,2
diverse,communities,2
divide,90,2
divided,landscape,2
dna,62,2
dollar,shave,2
dollar,tech,2
driven,omnichannel,2
duesette,initially,2
earzz's,groundbreaking,2
east,conflicts,2
economic,indicators,2
economic,outcomes,2
economics,73,2
economy,economic,2
edge,proprietary,2
education,levels,2
education,training,2
eisenberg,baum,2
eix,filter,2
elections,87,2
elections,politics,2
electronic,human,2
emerging,trend,2
employability,outcomes,2
employee,mobility,2
employee,surveillance,2
employer,linked,2
employment,76,2
employment,growth,2
employment,interviews,2
employment,opportunity,2
employment,predictable,2
enabling,european,2
encouraging,broader,2
energy,utilities,2
engagement,76,2
engineering,90,2
engineering,daily,2
engineering,teams,2
england,54,2
england,56,2
england,lawn,2
enhance,agent,2
enhancements,73,2
enhancements,76,2
ensure,ai,2
enterprise,footprint,2
enthusiastic,tech,2
entire,family,2
entire,gig,2
entrepreneurial,wave,2
entrepreneurship,77,2
environment,natural,2
environmental,impact,2
environmental,impacts,2
epidemics,60,2
equal,employment,2
equalizer,enabling,2
established,research,2
estate,90,2
estate,crisis,2
ethics,78,2
europe,51,2
european,countries,2
european,entrepreneurs,2
european,founders,2
event,captioning,2
event,modeling,2
evolves,a16z,2
exceeding,2,2
exceptional,product,2
exchange,ali,2
execution,building,2
execution,risks,2
executive,director,2
executive,moves,2
executives,73,2
exhaust,unemployment,2
existing,management,2
existing,training,2
expansion,77,2
expansion,90,2
expansion,technological,2
experience,72,2
experience,77,2
experiencing,substantial,2
explicit,consent,2
extraction,54,2
facebook,instagram,2
facilitate,communication,2
facing,ai,2
factors,85,2
families,mortgages,2
february,19,2
feel,pinched,2
filter,90,2
finance,71,2
finance,72,2
finance,73,2
finance,76,2
finance,77,2
finance,89,2
financial,activities,2
firm,founded,2
firm's,brand,2
firm's,strong,2
firms,seeking,2
firm’s,perspective,2
flagship,product,2
flight,deck,2
focused,cryptocurrencies,2
foreflight,efb,2
foreign,disinformation,2
forerunner's,kirsten,2
forerunner’s,kirsten,2
formal,employment,2
formal,labor,2
forthcoming,innovations,2
fostering,trust,2
foundation,program,2
foundations,67,2
france,japan,2
franchise,driven,2
free,intensive,2
functionality,remain,2
fund,canaan,2
fund,holds,2
fy26,results,2
gain,traction,2
gained,attention,2
gaining,traction,2
galleries,76,2
garg,stated,2
gas,industry,2
gcc,egypt,2
generated,code,2
generated,thousands,2
generational,companies,2
generations,feel,2
genomics,89,2
genuine,workplace,2
geographic,jakarta,2
germany,france,2
glean,insights,2
global,leader,2
global,outliers,2
global,picture,2
globalization,70,2
globalization,78,2
globally,lixandru,2
goldman,john,2
goodscore,onescore,2
google,chrome,2
government,departments,2
government,public,2
gracia,stated,2
graduation,speeches,2
green,dazzle,2
green,previously,2
green's,leadership,2
groundbreaking,technology,2
grow,hang,2
growing,consensus,2
growing,conviction,2
growing,recognition,2
grown,considerably,2
growth,77,2
growth,analyst,2
growth,leading,2
guidance,expected,2
hampered,sunshine's,2
hardware,startup,2
hating,artificial,2
head,kaul,2
health,coverage,2
hearing,community,2
hearing,loss,2
helping,people,2
helps,users,2
highlighting,dazzle's,2
hiring,tools,2
historically,transparent,2
hkse,65,2
home,services,2
horowitz,cited,2
horowitz’s,crypto,2
hotels,motels,2
human,emotion,2
human,intervention,2
human,oversight,2
human,rights,2
identifying,successful,2
impactful,business,2
impacts,70,2
impairments,78,2
impressive,execution,2
impressive,progress,2
improve,independence,2
include,stigmatized,2
included,massmutual,2
including,germany,2
inclusivity,earzz,2
income,floor,2
income,insurance,2
income,levels,2
income,losing,2
incorporates,simple,2
increasingly,critical,2
increasingly,viewed,2
indicators,90,2
industrial,robots,2
industry,76,2
industry,firms,2
industry,naics516210,2
industry,naics519290,2
industry,naics523150,2
industry,recognition,2
industry,sic5999,2
industry,unemployment,2
infectious,disease,2
inflation,90,2
influential,investors,2
informal,economies,2
information,sciences,2
information,visit,2
initially,enrolled,2
initially,launched,2
innovative,appeal,2
innovative,super,2
insight,underscores,2
instagram,tiktok,2
institutional,blockchain,2
institutions,asset,2
insurance,60,2
insurance,mortgage,2
intelligence,78,2
intelligence,91,2
intelligence,99,2
intelligence,cognition,2
interaction,73,2
interfaces,76,2
interfaces,77,2
intermediation,65,2
international,ani,2
internships,77,2
interpreters,90,2
interpreting,real,2
interviews,77,2
interviews,78,2
invest,55,2
investment,89,2
investment,activity,2
investment,pushed,2
investment,strategies,2
investors,privacy,2
involving,trian,2
ipo,representing,2
iran,92,2
iran,war,2
issues,73,2
japan,australia,2
jeppesen,foreflight's,2
jinping,92,2
job,interview,2
job,losing,2
job,loss,2
job,means,2
john,liu,2
july,11,2
july,20,2
june,1,2
june,10,2
june,21,2
june,27,2
kevin,keleghan,2
khosrowshahi's,participation,2
l.p,reported,2
labor,markets,2
landscape,evolves,2
landscape,sparking,2
language,intelligence,2
language,interpreting,2
language,signs,2
languages,66,2
languages,86,2
languages,captioning,2
larger,impact,2
late,2024,2
launch,day,2
lawn,tennis,2
lead,coding,2
lead,dazzle,2
leaders,including,2
leadership,ahead,2
leading,industry,2
leading,legal,2
leading,mayer,2
learning,disabilities,2
led,light,2
led,omnichannel,2
legal,protections,2
legislation,90,2
lending,credit,2
liberties,union,2
licensing,agreements,2
life,event,2
lifecycle,services,2
lifestyle,63,2
lifestyle,75,2
limited,cross,2
limited,period,2
linguistics,78,2
linked,health,2
linkedin,post,2
liu,cnn,2
lively,ambitious,2
lixandru,acknowledged,2
lixandru,speaking,2
llc,profile,2
load,optimization,2
longevity,energy,2
low,savings,2
lse,58,2
lumi,labs,2
ma,usa,2
maguire,writing,2
major,products,2
makers,65,2
makers,71,2
makes,pessimism,2
managed,mobility,2
management,company,2
management,structure,2
management,university,2
march,19,2
march,25,2
marissa,mayer,2
marissa,mayer's,2
market,category,2
market,entry,2
market,institutions,2
market,trends,2
marketing,87,2
marketing,campaigns,2
marketing,initiatives,2
markets,63,2
markets,amid,2
mart,announced,2
mayer,remarked,2
mayer,stated,2
mayer's,background,2
mayer's,dazzle,2
mayer's,personal,2
meaningful,impact,2
meaningful,level,2
means,depends,2
means,receiving,2
measurable,impact,2
media,72,2
media,consumption,2
media,foreign,2
media,helpline,2
media,networks,2
media,streaming,2
meetings,90,2
mental,health,2
mental,illness,2
mentor,nick,2
mi,usa,2
million,based,2
million,representing,2
million,valuation,2
miscellaneous,retail,2
misinformation,75,2
misinformation,76,2
missile,aimed,2
mobile,cellular,2
model,enabling,2
model,specifically,2
monaca,pennsylvania,2
morale,76,2
mortgage,banking,2
motels,63,2
moves,74,2
moving,forward,2
museums,galleries,2
naics513210,software,2
naics516210,media,2
national,recognition,2
nations,feel,2
natural,gas,2
natural,resources,2
natural,sciences,2
navigation,data,2
nec,90,2
negative,news,2
nelson,53,2
nelson,54,2
net,fails,2
networking,88,2
networks,89,2
neuroscience,68,2
news,74,2
news,76,2
news,editors,2
news,international,2
news,network,2
newsrx,llc,2
norway,losing,2
ny,usa,2
nyse,90,2
offbeat,studios,2
offerings,enhance,2
officially,dissolved,2
omnichannel,quick,2
one's,job,2
ongoing,health,2
onsite,hour,2
oolka,completed,2
oolka,reported,2
openfx's,approach,2
operations,77,2
operations,team,2
opinion,section,2
opportunity,commission,2
optimistic,indonesia,2
optimistic,voices,2
outcomes,previously,2
outlined,ambitions,2
pandemics,60,2
participating,investor,2
parties,65,2
partner,cecilia,2
partnership,expected,2
partnership,reflects,2
partnership,stating,2
partnerships,72,2
party,data,2
patents,72,2
pattern,poorer,2
payment,technology,2
pays,significantly,2
pc,quest,2
peak,canton’s,2
pecs,app,2
peer,activity,2
people,feel,2
people,love,2
people,scowl,2
percent,accuracy,2
percent,rich,2
percent,thailand,2
permid,5000384087,2
persistent,challenges,2
person,sign,2
personal,finance,2
persons,71,2
persons,76,2
persons,77,2
philippines,oueida,2
photo,sharing,2
physical,senses,2
picture,plot,2
pipier,bewlay,2
pivotal,shift,2
platform,expands,2
platform,generates,2
platform,incorporates,2
platform,reduce,2
platform,targeting,2
platform's,growth,2
playable,game,2
plot,a.i,2
pm,est,2
policy,90,2
policy,sensitivity,2
political,parties,2
political,polarization,2
politics,78,2
pollution,environmental,2
poorer,countries,2
portfolio,company,2
positions,a16z,2
post,production,2
postproduction,services,2
potential,cascade,2
powered,organization,2
pre,revenue,2
predictable,income,2
predictive,life,2
prefer,signs,2
preference,shares,2
presidents,78,2
press,contacts,2
previous,venture,2
previous,wages,2
previously,noted,2
prices,90,2
prices,hit,2
primary,audience,2
prior,experiences,2
prioritizing,privacy,2
privacy,66,2
privacy,78,2
privacy,centric,2
privacy,concerns,2
privacy,rights,2
privacy,trends,2
private,62,2
private,73,2
product,features,2
product,omlikids,2
production,language,2
products,89,2
professional,sports,2
professional,standing,2
professors,61,2
profitable,growth,2
property,89,2
proprietary,sound,2
protecting,transaction,2
protections,a.i,2
proteins,85,2
provider,sorenson,2
public,administration,2
public,believes,2
public,blockchains,2
public,relations,2
public,sentiment,2
publishers,84,2
pushed,rylo's,2
qualify,u.s,2
quality,control,2
quality,user,2
queries,prior,2
quickly,tip,2
quiet,operation,2
raised,7,2
raising,20,2
rare,earths,2
rates,78,2
ratio,77,2
real,opportunity,2
reasonable,expectation,2
recent,college,2
recent,research,2
recognition,61,2
recognition,65,2
recognition,67,2
recognition,87,2
record,2,2
recorded,notable,2
recording,device,2
recruitment,hiring,2
reddit,a.i,2
reflects,m13,2
regulatory,filings,2
regulatory,timelines,2
relations,67,2
relations,78,2
relay,service,2
relay,services,2
remain,confidential,2
remarkable,gains,2
remarked,suggesting,2
renewed,focus,2
rentals,69,2
replaces,income,2
reported,fivefold,2
reports,68,2
representing,28,2
research,90,2
research,include,2
research,suggesting,2
residential,property,2
resources,70,2
resources,71,2
resources,officer,2
result,privacy,2
retail,stores,2
retailers,74,2
revenue,execution,2
revenue,gap,2
rich,country,2
ride,sharing,2
rights,71,2
rising,steadily,2
riverboat,road,2
road,taylorsville,2
round,marks,2
safety,72,2
safety,net,2
salaries,76,2
sales,netskope,2
sam,altman,2
scamming,89,2
seamless,communication,2
sector,snapshot,2
secures,8m,2
security,61,2
segmentation,68,2
segmentation,77,2
seismic,shift,2
senior,citizens,2
senses,73,2
sensors,63,2
sensors,64,2
september,8,2
sequoia,capital's,2
service,72,2
services,57,2
services,75,2
services,76,2
services,77,2
services,86,2
services,89,2
services,buyer,2
services,insurance,2
services,provider,2
services,providers,2
services,sector,2
share,74,2
shared,insights,2
shareholders,67,2
sharing,services,2
shave,club,2
shifting,dynamics,2
sic5999,miscellaneous,2
signals,growing,2
significant,advantage,2
significant,endorsement,2
significant,niche,2
silicon,valley’s,2
similar,income,2
simple,american,2
simple,text,2
singapore,management,2
sit,economically,2
smart,alerting,2
smart,data,2
smoke,detectors,2
snapshot,news,2
social,compact,2
social,networks,2
socioeconomic,bargain,2
socioeconomic,trapdoor,2
software,51,2
software,56,2
software,89,2
software,development,2
software,publishers,2
sonatype,maryland,2
source,company,2
source,sorenson,2
source,stratix,2
south,carolina,2
spacex,grew,2
spanning,asset,2
sparking,curiosity,2
specific,details,2
specifically,tailored,2
spoken,language,2
stable,employment,2
started,pocket,2
started,reaching,2
startup,cursor,2
startup,dazzle,2
startup,founded,2
startup's,potential,2
startups,including,2
stated,highlighting,2
stealth,mode,2
stitch,aims,2
stop,telling,2
stores,nec,2
strategy,77,2
strategy,targets,2
stratix,corp,2
stratix,corporation,2
stratix,georgia,2
stratix,lifecycle,2
street,vendor,2
strengthen,detroit's,2
strong,belief,2
structural,shift,2
student,challenge,2
student,teacher,2
study,coding,2
study,recommends,2
subject,deafness,2
subsequently,sold,2
substantial,investment,2
substantial,price,2
subtle,shifts,2
successful,consumer,2
sufficiently,prominent,2
suggesting,remote,2
sunshine,initially,2
sunshine's,growth,2
super,creative,2
super,imaginative,2
super,innovative,2
supervisors,67,2
supervisors,76,2
supervisors,78,2
supply,cap,2
support,product,2
support,schemes,2
surveillance,90,2
survey,including,2
swift,student,2
swiggy,instamart,2
switch's,valuation,2
system,built,2
system,treats,2
systems,inclusive,2
systems,omli,2
tablet,computers,2
tactical,shift,2
tangible,returns,2
targets,global,2
taxicabs,limousines,2
taylorsville,utah,2
teacher,ratio,2
team,ai,2
team,expansion,2
tech,78,2
tech,adopters,2
tech,ecosystem,2
tech,execs,2
tech,firms,2
tech,leaders,2
tech,scene,2
tech,space,2
technological,advancement,2
technological,development,2
technologies,based,2
technology,70,2
technology,76,2
technology,79,2
technology,92,2
technology,driven,2
technology,maguire,2
technology,profile,2
technology,tailor,2
teens,53,2
telephones,71,2
telephony,69,2
telling,americans,2
temporary,inconvenience,2
tenfold,return,2
text,descriptions,2
threat,note,2
ticker,0086,2
tiktok,bluesky,2
time,event,2
times,opinion,2
tokens,broader,2
topic,modeling,2
traction,mayer,2
traction,positioning,2
trade,89,2
train,ai,2
training,programmes,2
transaction,details,2
transactions,netskope,2
transcripts,78,2
transformation,78,2
translation,89,2
translation,capabilities,2
treats,unemployment,2
trend,boasting,2
trends,73,2
trends,86,2
trian,ceo,2
trucking,50,2
true,potential,2
trump,92,2
trump,administration,2
trusts,ai,2
tyler,perry,2
type,newsletter,2
type,newspaper,2
u.s,workers,2
uber,driver,2
underscores,sorenson's,2
underscoring,investor,2
unemployment,rates,2
universities,90,2
university,professors,2
unwavering,commitment,2
usa,70,2
user,interface,2
user,retention,2
ut,usa,2
utah,84123,2
utah,usa,2
utilities,77,2
vacation,rentals,2
valuation,exceeding,2
varying,generosity,2
venture,capitalist,2
venture,sunshine,2
ventures,llc,2
ventures,pillar,2
viable,alternatives,2
vulnerable,adults,2
wait,ai,2
wall,charger,2
watching,closely,2
weakest,link,2
wealthy,advanced,2
wealthy,nations,2
wealthy,world,2
wearable,ai,2
web,blog,2
whisper,quiet,2
wildly,varying,2
workers,66,2
workplace,morale,2
workplace,trends,2
world,class,2
wraps,mayer,2
xai,neuralink,2
xi,jinping,2
yahya,stated,2
zcash,experiencing,2
zoning,75,2
0,2038380090david,1
0,editorial,1
1,2025,1
1,3,1
1,clarity,1
1,fix,1
1,lomb,1
1,margin,1
1,offers,1
1,players,1
1,sentiment,1
"1,100",participants,1
"1,356",consumers,1
"1,650,000",class,1
"1,800",learners,1
1.1,billion,1
1.4,billion,1
1.4,million,1
10,2025,1
10,april,1
10,largest,1
10,minute,1
10,pwds,1
10,rating,1
10.1109,access,1
100,billion,1
100,due,1
100,leading,1
100,percent,1
100,pre,1
10g,broadband,1
10th,2025,1
1113,words,1
1130,attempts,1
1130,dictates,1
1151,words,1
12,blame,1
12,cameras,1
12,inches,1
12,months,1
12,portfolio,1
1242,words,1
1267,words,1
1290,words,1
13,1,1
13,2025,1
1351,words,1
14,2024,1
14,percentage,1
14,pm,1
14,press,1
1414,words,1
1423,words,1
1450,words,1
14623,5698,1
14th,july,1
15,companies,1
15,people,1
15,plans,1
15,topics,1
151,persons,1
1530,words,1
16,2025,1
160,1810,1
16th,june,1
17,million,1
171,visually,1
1711,words,1
"172,000",college,1
1722,words,1
1776,words,1
18,2026,1
18,deals,1
"18,670",students,1
1818,words,1
1829,counts,1
19,2035,1
19,apple,1
19,bmo,1
19,maintaining,1
19,pandemic,1
190,gigawatts,1
193,deaf,1
1977,words,1
19th,2026,1
2,4298440310,1
2,awareness,1
2,cognitive,1
2,equip,1
"2,500",likes,1
2.0,indicating,1
2.4,billion,1
20,percent,1
20,topics,1
200,detroiters,1
2000,continues,1
2000s,listing,1
2000s,maguire,1
2000s,sequoia's,1
2009,a16z,1
2009,focused,1
200m,funding,1
2018,lauren,1
2019,maguire,1
2021,statute,1
2022,inflation,1
2023,friday,1
2023,menafn.com,1
2023,study,1
2023einpresswire,earzz,1
2025,alongside,1
2025,andreessen,1
2025,argued,1
2025,asian,1
2025,delivered,1
2025,discussion,1
2025,friday,1
2025,gurugram,1
2025,inside,1
2025,intelligenthq,1
2025,janus,1
2025,launch,1
2025,legal,1
2025,lightspeed,1
2025,pocket,1
2025,revealed,1
2025,sequoia,1
2025,stitch,1
"2025,13",81569,1
2026,a16z,1
2026,acucraft,1
2026,amounting,1
2026,andreessen,1
2026,anthropic,1
2026,asserting,1
2026,astrocade,1
2026,atlantic,1
2026,bessemer,1
2026,blitzy,1
2026,bringing,1
2026,canton's,1
2026,conducted,1
2026,converting,1
2026,data,1
2026,franchise,1
2026,gaussion,1
2026,grade,1
2026,international,1
2026,invoca,1
2026,janus,1
2026,jeppesen,1
2026,launched,1
2026,mansueto,1
2026,menafn.com,1
2026,netskope,1
2026,normans,1
2026,offered,1
2026,openview,1
2026,outlined,1
2026,outlining,1
2026,pc,1
2026,prnewswire,1
2026,product,1
2026,prosper,1
2026,pushing,1
2026,results,1
2026,revenue,1
2026,sonatype,1
2026,speaks,1
2026,sunday,1
2026,techbullion,1
2026,tortoise,1
2026,upgrades,1
2026,ventureburn,1
2027,list,1
2027,rit’s,1
2030,potentially,1
2038380090david,holly,1
21,2025,1
21,2026,1
2150,words,1
22,2023,1
22,2023einpresswire,1
22,2025,1
22,hopefulness,1
22,newsrx,1
22,operators,1
"22,000",btus,1
228,portfolio,1
2292,words,1
23,2025,1
2326,words,1
2358,words,1
2379,words,1
25,kilobases,1
25,spoken,1
2509,words,1
26,2025,1
26,2026,1
26,deals,1
28,2025,1
28,million,1
2850,words,1
29,move,1
3,1,1
3,4295915928,1
3,59,1
3,predictive,1
3,sample,1
3,support,1
"300,000",business,1
32,trillion,1
35,percent,1
3515,words,1
352,words,1
3584,words,1
360,degree,1
3609,words,1
37,percent,1
392,colleges,1
394,words,1
4,00,1
4,01,1
4,4297910304,1
4,disability,1
4,gas,1
4,mindsets,1
4,nationally,1
"4,500",people,1
40,major,1
40,xavier,1
4295915928,mediacom,1
4296584546,stratix,1
4297910304,sonatype,1
4298440310,invoca,1
44,0,1
44,800,1
44,million,1
450,crore,1
4517,words,1
452,words,1
47,billion,1
48,million,1
498,7620,1
5,14,1
5,2025,1
5,5068473096,1
5,billion,1
5,stars,1
50,artificial,1
50,campaigns,1
50,conversational,1
50,covid,1
50,curricula,1
50,entrepreneurship,1
50,foreign,1
50,interpersonal,1
50,minority,1
50,mobile,1
50,oil,1
50,output,1
50,political,1
500,privately,1
5068473096,sorenson,1
51,digital,1
51,disruptive,1
51,engineering,1
51,london,1
51,rochester,1
51,tel,1
51,united,1
53,business,1
53,expect,1
53,generative,1
53,product,1
53,ronald,1
53,trucking,1
54,asset,1
54,london,1
54,naics211120,1
54,ronald,1
54,sic1311,1
54,united,1
55,artificial,1
55,children,1
55,conversational,1
55,london,1
55,m13,1
55,massachusetts,1
55,sic6282,1
55,united,1
553,words,1
56,artificial,1
56,asset,1
56,digital,1
56,dna,1
56,janus,1
56,london,1
56,massachusetts,1
56,naics523940,1
5698,united,1
57,ai,1
57,canada,1
57,google,1
57,massachusetts,1
57,sequoia,1
57,sic6799,1
57,tel,1
578,words,1
58,ai,1
58,artificial,1
58,children,1
58,company,1
58,generalcatalyst,1
58,intuit,1
58,manufacturing,1
58,museums,1
58,naics334610,1
58,naics513210,1
58,naics519290,1
58,naics541611,1
58,payment,1
58,prefer,1
58,resist,1
58,sequoia,1
58,sic6799,1
58,sic7372,1
585,words,1
59,pm,1
6,4296584546,1
6,54,1
6,private,1
60,alliances,1
60,digital,1
60,disabled,1
60,entrepreneurship,1
60,epidemics,1
60,generative,1
60,internet,1
60,licensing,1
60,minority,1
60,students,1
"601,215",comments,1
61,computer,1
61,customer,1
61,delistings,1
61,engineering,1
61,future,1
61,immunologic,1
61,information,1
61,professional,1
62,acoustic,1
62,architecture,1
62,company,1
62,computer,1
62,delistings,1
62,monitors,1
63,alliances,1
63,asset,1
63,blockchain,1
63,consumers,1
63,disruptive,1
63,foreign,1
63,jhg,1
63,rochesterinstit,1
63,sic7011,1
63,sic7041,1
63,sic7383,1
63,usability,1
64,523910,1
64,covid,1
64,dario,1
64,epidemics,1
64,pandemics,1
64,retail,1
641,words,1
65,acoustic,1
65,alliances,1
65,approvals,1
65,billion,1
65,child,1
65,children,1
65,delistings,1
65,employment,1
65,equity,1
65,generalcatalyst,1
65,home,1
65,insurance,1
65,m13,1
65,marketing,1
65,pattern,1
65,percent,1
65,recruitment,1
65,reduction,1
65,research,1
65,talks,1
65,technology,1
65,venture,1
653,words,1
66,acoustic,1
66,call,1
66,data,1
66,deafness,1
66,emotions,1
66,generalcatalyst,1
66,google,1
66,naics519290,1
66,polls,1
66,quality,1
66,rank,1
66,sic6211,1
663,respondents,1
67,artificial,1
67,biopharmaceuticals,1
67,blue,1
67,company,1
67,delistings,1
67,foreign,1
67,genes,1
67,ophthalmic,1
67,pattern,1
67,software,1
67,sovereign,1
68,0086,1
68,asset,1
68,deflation,1
68,disabled,1
68,employment,1
68,janus,1
68,learning,1
68,managers,1
68,naics523150,1
68,naics523940,1
68,pattern,1
68,political,1
68,public,1
68,sic6211,1
68,sic6282,1
68,sun,1
69,associations,1
69,child,1
69,children,1
69,construction,1
69,currencies,1
69,deafness,1
69,delistings,1
69,dna,1
69,energy,1
69,foreign,1
69,interviews,1
69,legislative,1
69,neuroscience,1
69,prosthetic,1
69,shootings,1
69,thailand,1
69,trends,1
69,unofficial,1
69,wealthy,1
"7,265",people,1
70,alliances,1
70,artificial,1
70,bombs,1
70,disabled,1
70,employment,1
70,entrepreneurship,1
70,executives,1
70,generalcatalyst,1
70,globalization,1
70,google,1
70,government,1
70,naics519290,1
70,ophthalmic,1
70,percent,1
70,pollution,1
70,quality,1
70,shareholders,1
70,sic6211,1
70,sovereign,1
70,technology,1
70,trucking,1
70,voice,1
70,vulnerable,1
71,accessible,1
71,child,1
71,commodities,1
71,computer,1
71,consumer,1
71,courtship,1
71,disabled,1
71,economic,1
71,edge,1
71,environment,1
71,equity,1
71,executives,1
71,focus,1
71,foundations,1
71,genes,1
71,information,1
71,interpersonal,1
71,interviews,1
71,legislation,1
71,legislative,1
71,manufacturing,1
71,market,1
71,mental,1
71,negative,1
71,property,1
71,real,1
71,robotics,1
71,society,1
71,vacation,1
71,workplace,1
72,application,1
72,blindness,1
72,blue,1
72,child,1
72,customer,1
72,cybercrime,1
72,deafness,1
72,equity,1
72,generative,1
72,globalization,1
72,government,1
72,human,1
72,industry,1
72,information,1
72,language,1
72,learning,1
72,market,1
72,mental,1
72,neuroscience,1
72,physical,1
72,privacy,1
72,property,1
72,prosthetic,1
72,research,1
72,residential,1
72,retailers,1
72,safety,1
72,software,1
72,talks,1
72,trends,1
72,unconscious,1
72,vision,1
73,0086,1
73,behavior,1
73,civil,1
73,commerce,1
73,consumer,1
73,cybersecurity,1
73,digital,1
73,executives,1
73,exhibitions,1
73,foreign,1
73,globalization,1
73,health,1
73,innovation,1
73,insurance,1
73,market,1
73,middle,1
73,mobile,1
73,naics523150,1
73,news,1
73,output,1
73,pattern,1
73,rebranding,1
73,sic6282,1
73,smoke,1
73,stock,1
73,sun,1
73,talks,1
73,trends,1
73,vision,1
74,0086,1
74,accessible,1
74,agreements,1
74,ai,1
74,appointments,1
74,asset,1
74,biology,1
74,chemicals,1
74,children,1
74,civil,1
74,economic,1
74,executives,1
74,financing,1
74,globalization,1
74,government,1
74,intelligence,1
74,market,1
74,naics523150,1
74,news,1
74,output,1
74,pattern,1
74,physical,1
74,platforms,1
74,rebranding,1
74,retailers,1
74,sic6282,1
74,social,1
74,strategic,1
74,sun,1
74,translators,1
75,banking,1
75,child,1
75,data,1
75,economics,1
75,emerging,1
75,engineering,1
75,government,1
75,grenades,1
75,housing,1
75,human,1
75,legislation,1
75,manufacturing,1
75,master,1
75,negative,1
75,news,1
75,relationship,1
758,words,1
76,accessible,1
76,alliances,1
76,application,1
76,appointments,1
76,asset,1
76,child,1
76,commodities,1
76,company,1
76,construction,1
76,customer,1
76,disabled,1
76,emotions,1
76,employee,1
76,engineering,1
76,foundations,1
76,globalization,1
76,home,1
76,housing,1
76,interpersonal,1
76,labor,1
76,language,1
76,marketing,1
76,museums,1
76,patents,1
76,privately,1
76,property,1
76,psychology,1
76,public,1
76,retail,1
76,strategic,1
76,surveillance,1
76,wearable,1
77,behavior,1
77,blockchain,1
77,construction,1
77,currencies,1
77,curricula,1
77,deflation,1
77,education,1
77,elections,1
77,emotions,1
77,energy,1
77,engineering,1
77,environment,1
77,home,1
77,innovation,1
77,intelligence,1
77,interviews,1
77,language,1
77,limited,1
77,market,1
77,midterm,1
77,mortgage,1
77,output,1
77,personal,1
77,platforms,1
77,price,1
77,research,1
77,residential,1
77,robotics,1
77,student,1
77,taxicabs,1
77,tournaments,1
77,transcripts,1
77,translators,1
77,usability,1
77,user,1
77,vacation,1
77,vulnerable,1
77,white,1
77,workplace,1
777,projects,1
78,accessible,1
78,agreements,1
78,ai,1
78,application,1
78,apprenticeships,1
78,associations,1
78,b2b,1
78,baby,1
78,banking,1
78,blindness,1
78,chatbots,1
78,chemicals,1
78,child,1
78,civil,1
78,college,1
78,consumer,1
78,consumers,1
78,conversational,1
78,deflation,1
78,delistings,1
78,disability,1
78,economics,1
78,education,1
78,employee,1
78,employment,1
78,ethics,1
78,focus,1
78,future,1
78,gender,1
78,generative,1
78,government,1
78,inflation,1
78,insurance,1
78,interviews,1
78,linguistics,1
78,litigation,1
78,market,1
78,middle,1
78,midterm,1
78,ophthalmic,1
78,painting,1
78,pattern,1
78,personal,1
78,political,1
78,polls,1
78,race,1
78,rankings,1
78,rebranding,1
78,recruitment,1
78,relationship,1
78,robotics,1
78,sam,1
78,shareholders,1
78,smoke,1
78,software,1
78,sports,1
78,students,1
78,suits,1
78,taxicabs,1
78,technology,1
78,translators,1
78,unemployment,1
78,united,1
78,vocational,1
78,wearable,1
79,california,1
79,demis,1
79,elon,1
79,rochester,1
79,south,1
8,feet,1
80,fold,1
800,160,1
81569,81605,1
81605,ieee,1
82,m13,1
82,naics531210,1
82,sic2869,1
82,stack,1
83,children,1
83,ophthalmic,1
83,sic4841,1
83,sic7375,1
83,telecommunications,1
84,acoustic,1
84,children,1
84,company,1
84,naics513210,1
84,naics721110,1
84,roots,1
84,sic2731,1
84,sic7372,1
85,523910,1
85,acoustic,1
85,bachelor,1
85,business,1
85,children,1
85,financial,1
85,information,1
85,venture,1
851,words,1
856,498,1
86,annual,1
86,business,1
86,cloud,1
86,financial,1
86,language,1
86,patents,1
86,photography,1
86,workplace,1
860,words,1
87,artificial,1
87,company,1
87,customer,1
87,delistings,1
87,elections,1
87,emotions,1
87,press,1
87,safety,1
87,senior,1
87,tablet,1
87,voice,1
878,words,1
88,campaigns,1
88,price,1
88,privately,1
88,residential,1
88,sovereign,1
88,trends,1
88,vision,1
89,access,1
89,accessible,1
89,application,1
89,asset,1
89,banking,1
89,blockchain,1
89,captioning,1
89,chemicals,1
89,college,1
89,commerce,1
89,computer,1
89,consumer,1
89,currencies,1
89,digital,1
89,digitalization,1
89,diversity,1
89,economy,1
89,emotions,1
89,energy,1
89,ethics,1
89,genomics,1
89,government,1
89,human,1
89,interactive,1
89,interpersonal,1
89,investigations,1
89,language,1
89,licensing,1
89,light,1
89,managers,1
89,natural,1
89,oil,1
89,online,1
89,photography,1
89,platforms,1
89,press,1
89,price,1
89,privacy,1
89,reports,1
89,residential,1
89,scamming,1
89,smart,1
89,sports,1
89,teaching,1
89,transcripts,1
89,trends,1
89,vision,1
89,vocational,1
89,wearable,1
898,words,1
9,billion,1
90,611310,1
90,apprenticeships,1
90,associations,1
90,attention,1
90,baby,1
90,civil,1
90,commodities,1
90,company,1
90,courtship,1
90,data,1
90,digitalization,1
90,discrimination,1
90,economic,1
90,economy,1
90,education,1
90,emerging,1
90,employment,1
90,energy,1
90,fast,1
90,globalization,1
90,indigenous,1
90,inflation,1
90,legislative,1
90,linguistics,1
90,marketing,1
90,mortgage,1
90,naics513130,1
90,national,1
90,output,1
90,pandemics,1
90,photography,1
90,polls,1
90,pollution,1
90,rankings,1
90,real,1
90,referees,1
90,root,1
90,safety,1
90,scamming,1
90,senior,1
90,sorenson,1
90,sorensoncommuni,1
90,stock,1
90,student,1
90,students,1
90,talks,1
90,wages,1
903,words,1
91,0086,1
91,breaking,1
91,company,1
91,computer,1
91,data,1
91,experimentation,1
91,government,1
91,industry,1
91,israel,1
91,massachusetts,1
91,naics523150,1
91,populism,1
91,price,1
91,reports,1
91,san,1
91,sic6282,1
91,sun,1
91,united,1
91,vocational,1
92,boston,1
92,business,1
92,disabled,1
92,equity,1
92,indianapolis,1
92,janus,1
92,michigan,1
92,naics523940,1
92,salt,1
92,sic6799,1
92,surveillance,1
92,utah,1
92,xi,1
920,410.3661,1
926,words,1
93,equity,1
93,pets,1
93,software,1
93,technology,1
94,california,1
94,detroit,1
94,india,1
94,labor,1
94,michigan,1
94,north,1
94,privately,1
94,san,1
94,utah,1
96,artificial,1
96,customer,1
96,france,1
96,industry,1
96,smart,1
96,transcripts,1
961,people,1
965,billion,1
97,artificial,1
97,france,1
98,iran,1
99,bernie,1
99,china,1
99,iran,1
99,massachusetts,1
99,michigan,1
99,saskatchewan,1
99,united,1
99,unofficial,1
99.99,percent,1
9th,2026,1
a16z,debuts,1
a16z,invests,1
a16z,manages,1
abetted,intuit's,1
abundance,institute's,1
academic,affairs,1
academy,alum,1
academy,continues,1
academy,gordon,1
academy,graduates,1
academy,offered,1
academy,remain,1
academy's,students,1
accel,added,1
accel,invested,1
accel,participated,1
accel,posted,1
accel,regulatory,1
accel,silver,1
accel's,recent,1
accel's,support,1
accelerate,deployment,1
accelerate,stitch's,1
accelerates,agentic,1
accelerating,broader,1
accents,speech,1
accepting,risk,1
access,"2025,13",1
access,2025.3566014,1
access,fails,1
access,http,1
access,newswire,1
accessibility,ai,1
accessibility,infrastructure,1
accessibility,low,1
accessibility,platform,1
accessibility,regulation,1
accessibility,respect,1
accessibility,shift,1
accessibility,team,1
accessibility,tools,1
accessibility,training,1
accessible,communication,1
accessible,communications,1
accessible,supportive,1
accidental,deactivations,1
accidentally,deactivated,1
accommodations,78,1
accommodations,89,1
accountability,industry,1
accuracy,arguing,1
accuracy,debate,1
accuracy,levels,1
accuracy,limitations,1
accuracy,omli,1
accuracy,preference,1
accuracy,recent,1
accurate,officiating,1
achievable,lixandru,1
achieved,unicorn,1
achieves,unicorn,1
achieving,titers,1
acknowledged,challenges,1
acknowledging,institutions,1
aclu,shared,1
acquired,sign.mt,1
acquiring,consortium,1
acquiring,parties,1
acquisition,strategies,1
acquisitions,manager,1
acquisitions,notably,1
acrylic,panels,1
act,90,1
actionable,strategies,1
active,deal,1
active,listening,1
actively,close,1
actively,managing,1
actively,pursue,1
activity,andreessen,1
activity,maguire,1
activity,manufacturers,1
activity,peer,1
activity,positioning,1
actual,engagement,1
acucraft,stated,1
acucraft's,proprietary,1
ad,infinitum,1
added,pocket,1
added,urgency,1
adding,independence,1
adding,joe,1
adding,peace,1
adding,rs,1
addition,appointing,1
additional,9,1
additional,authors,1
additional,hardware,1
additional,information,1
additional,investors,1
additionally,lightspeed,1
address,4192,1
address,cybersecurity,1
address,fulton,1
address,limitations,1
address,norcross,1
address,technical,1
addressed,enterprises,1
adds,operational,1
adequate,subtitles,1
adhd,struggle,1
adjusted,protocols,1
admitting,mistakes,1
adoption,ali,1
adoption,canton's,1
adoption,curve,1
adoption,increased,1
adoption,rylo's,1
adult,voice,1
advanced,api,1
advanced,artificial,1
advanced,photographic,1
advanced,technology,1
advanced,training,1
advancements,including,1
advancing,access,1
advancing,engineering,1
advertising,measures,1
advertorial,disclaimer,1
advised,portfolio,1
advisers,engaged,1
advisers,xi,1
advising,policymakers,1
advisory,firm,1
aeltc,asserting,1
aeon,control,1
affairs,university,1
affiliated,lightspeed,1
affordability,addressing,1
afg,partners,1
agency,releases,1
agentic,development,1
agentic,software,1
agents,pitch,1
aggregate,consumer,1
aggressive,posture,1
aging,journal,1
ago,consumer,1
ago,levels,1
ago,usajobs,1
agreement,janus,1
ai,algorithms,1
ai,ambitions,1
ai,analysis,1
ai,announced,1
ai,automation,1
ai,balance,1
ai,bessemer,1
ai,chatbot,1
ai,chats,1
ai,code,1
ai,consumer,1
ai,demand,1
ai,development,1
ai,discriminated,1
ai,enables,1
ai,engagement,1
ai,engages,1
ai,engineer,1
ai,era,1
ai,focused,1
ai,focuses,1
ai,generating,1
ai,governance,1
ai,informed,1
ai,innovators,1
ai,insights,1
ai,interaction,1
ai,investments,1
ai,label,1
ai,labels,1
ai,market,1
ai,messaging,1
ai,model,1
ai,monitors,1
ai,narrative,1
ai,operations,1
ai,outputs,1
ai,pilled,1
ai,policy,1
ai,populism,1
ai,professor,1
ai,published,1
ai,quality,1
ai,replicates,1
ai,report,1
ai,reported,1
ai,sign,1
ai,startups,1
ai,summit,1
ai,supercharged,1
ai,system,1
ai,teammates,1
ai,transforms,1
ai,uneasiness,1
ai,vendor,1
ai,versus,1
ai,vision,1
ai,wearables,1
ai's,true,1
airlines,gain,1
aishwarya,tv,1
alarms,glass,1
albright,stonebridge,1
alert,overload,1
alerting,solution,1
alerting,systems,1
algorithmic,correction,1
algorithms,abilities,1
aligning,seamlessly,1
aligns,perfectly,1
alleges,hirevue,1
allocation,lda,1
allowing,enterprises,1
allowing,european,1
allowing,teams,1
alongside,challenges,1
alongside,continued,1
alongside,custom,1
alongside,m13,1
alongside,numerous,1
alongside,peers,1
alongside,trimer,1
altimeter,dragoneer,1
altman,99,1
altman’s,home,1
aman,2.0,1
aman,gupta,1
amazing,share,1
ambitious,residential,1
ambitious,target,1
amendment,rights,1
america,engineering,1
america,strong,1
america's,32,1
america's,economy,1
america's,president,1
america's,short,1
america's,wealth,1
america's,xi,1
american,manufacturing,1
american,president,1
american,voters,1
american,wallets,1
americans,deep,1
americans,heightened,1
amid,broader,1
amidst,leadership,1
amodei,79,1
amodei,anthropic,1
amodei,thinking,1
amplifies,whichever,1
amused,determined,1
analysed,responses,1
analysis,offers,1
analyst,price,1
analyst,reactions,1
analyst,sentiment,1
analysts,revised,1
analytics,forecast,1
analytics,marketers,1
analytics,package,1
analytics,workflows,1
analyze,100,1
analyze,job,1
analyze,video,1
anant,vidur,1
anastasia,pavlyuchenkova,1
andrew,dewey,1
andrew,rozynski,1
andrew,ziperski,1
anger,disgust,1
angry,half,1
ani,provided,1
animation,blew,1
ann,norman,1
annual,report,1
annual,reports,1
annual,study,1
annualized,rate,1
annually,sorenson,1
answers,accompanied,1
anthropic,initially,1
anthropic's,80,1
anthropic’s,chief,1
anti,ai,1
anti,discrimination,1
anticipated,fundraising,1
anymore,earzz's,1
apac,market,1
api,ecosystems,1
app,beaware,1
app,called,1
app,creators,1
app,developers,1
app,economy,1
app,recorded,1
app,sign,1
app,store,1
app,surpassed,1
app,usage,1
app,users,1
apple,ipad,1
apple's,global,1
apple's,neural,1
appliance,beeps,1
application,layers,1
application,workflows,1
applications,including,1
applied,economics,1
applied,learning,1
applied,topic,1
applies,sentiment,1
apply,connect,1
applying,emotional,1
appointed,crypto,1
approach,aims,1
approach,centers,1
approach,lies,1
approach,workforce,1
approaches,ensuring,1
approvals,69,1
approximately,2.4,1
approximately,30,1
approximately,85,1
apps,73,1
apps,businesses,1
april,14,1
april,2025,1
architecture,art,1
ariel,alternatives,1
arms,differentiate,1
army,alongside,1
art,design,1
article,include,1
artificial,barriers,1
ashok,pandey,1
asia,based,1
asia,pacific,1
asia,strategy,1
asr,produced,1
asr,technology,1
assembles,products,1
asserting,financial,1
assessment,processes,1
assessment,takers,1
assessments,attracting,1
assessments,lightspeed's,1
asset,ingestion,1
asset,market,1
asset,platform's,1
asset,tracking,1
assets,arm,1
assets,closed,1
assets,continued,1
assign,precise,1
assistance,programs,1
assistant,app,1
assistive,technologies,1
associate,professor,1
assurance,purposes,1
astrocade,aims,1
astrocade,occupies,1
astrocade's,potential,1
astrocade's,strategy,1
asx,55,1
asx,68,1
asx,73,1
asx,74,1
asx,91,1
athenaeum,museum,1
atlantic,monthly,1
atlantic,online,1
attention,deficit,1
attention,excitement,1
attention,span,1
attitude,index,1
attitudes,account,1
attracted,growing,1
attribution,models,1
attribution,traditional,1
attrition,patterns,1
audience,addressing,1
audience,expectations,1
audience’s,boundaries,1
audience’s,comfort,1
audio,enabled,1
audit,trails,1
auditory,processing,1
august,28,1
authority,forming,1
automate,analytics,1
automated,captioning,1
automated,executive,1
automated,lifecycle,1
automated,retention,1
automated,speaker,1
automated,speech,1
automatic,conversion,1
automatically,connects,1
automatically,routing,1
automating,critical,1
automotive,buyer,1
automotive,financial,1
autotech,ventures,1
average,20,1
average,score,1
average,users,1
aviation,customers,1
aviation,flights,1
aviation,industry,1
aviation,operators,1
aviation,pilots,1
aviation,technology,1
avoid,responsibility,1
aware,advertises,1
awareness,gap,1
awareness,lags,1
azeem,azhar,1
azure,microsoft's,1
b2b,tech,1
b2c,buyerexperience,1
baby,cries,1
backend,workflows,1
bad,news,1
bad,treatment,1
bag,efb,1
balance,fast,1
ban,datacentre,1
bank,ai,1
bank,oolka,1
bank's,customer,1
barak,schoster,1
barking,baby,1
barrett,told,1
barrier,removing,1
barriers,remain,1
based,ai,1
based,artificial,1
based,conversation,1
based,creative,1
based,delivery,1
based,developer,1
based,expansion,1
based,hiring,1
based,interfaces,1
based,news,1
based,passive,1
based,studio,1
based,venture,1
baseline,it’s,1
basic,emotions,1
basic,translation,1
basis,63,1
battery,chemistry,1
battery,packs,1
battery,performance,1
battery,technology,1
baum,law,1
baz,exists,1
baz,introduced,1
baz,stated,1
beaver,academic,1
beaver,monaca,1
beeps,doorbells,1
begun,offering,1
begun,watching,1
behavior,iob,1
behavior,organizations,1
behavior,sequoia's,1
behavioral,insights,1
behavioral,patterns,1
behavioral,scientist,1
beijing's,highly,1
belgium,69,1
believes,accessibility,1
belt,land,1
benefits,include,1
benefits,people,1
bertopic,bertopic,1
bessemer,extends,1
bessemer,identified,1
bessemer,partner,1
bias,72,1
bill,1130,1
bill,attempts,1
bill,regulates,1
billion,andreessen,1
billion,dollar,1
billion,mediacom,1
billion,raise,1
billion,reinforcing,1
billion,trading,1
biolabs,announced,1
biolabs,spokesperson,1
biometric,surveillance,1
biosensors,capable,1
biotherapeutic,research,1
black,players,1
blends,technology,1
blind,passenger,1
blind,rider's,1
blindly,accepting,1
blindness,89,1
blitzy,announced,1
blitzy's,platform,1
block,chinese,1
blockchain,fintech,1
blockchain,reflecting,1
blog,consumers,1
blooming,grove,1
blunt,sb,1
board,highlighting,1
boat's,parent,1
bodies,89,1
body,language,1
boldstart,ventures,1
bombing,worsens,1
bombs,explosive,1
book,publishers,1
books,publishing,1
boomers,89,1
boomers,90,1
boomers,reject,1
boot,camps,1
bootstrap,growth,1
border,frameworks,1
boss,sam,1
bosses,trust,1
boston,based,1
bots,achieves,1
bots,ai,1
bots,aims,1
bots,continues,1
bots,designs,1
boxes,emitting,1
brain,added,1
brain,wave,1
brand,ai,1
brand,aligned,1
brand,policy,1
brand,region,1
brand,responding,1
brand's,ai,1
brand's,response,1
brands,earn,1
brands,including,1
brands,increases,1
brands,meet,1
brands,shift,1
bravura,video,1
breaking,news,1
breathing,rate,1
brian,elliott,1
bridging,disabilities,1
briefs,96,1
bring,apna,1
bringing,people,1
brings,additional,1
brings,rylo's,1
brings,total,1
british,players,1
broad,internship,1
broad,permission,1
broadband,network,1
broadband,tv,1
broadcasting,features,1
broader,ai,1
broader,discussion,1
broader,hardware,1
broader,investor,1
broader,middle,1
broader,pet,1
broader,product,1
broader,scientific,1
broader,sector,1
broader,senior,1
broader,slowdown,1
broader,strategic,1
bugs,guy,1
build,apps,1
build,companies,1
build,lasting,1
build,playable,1
build,rylo,1
building,contextual,1
building,infrastructure,1
building,sign,1
building,technology,1
builds,ai,1
builds,tools,1
built,curriculum,1
bundles,devices,1
burger,king,1
burglar,sirens,1
burnout,reduction,1
business,aviation,1
business,communication,1
business,customers,1
business,engineering,1
business,finance,1
business,functions,1
business,growth,1
business,leaders,1
business,mandate,1
business,outcomes,1
business,practice,1
business,remains,1
business,requirement,1
business,skills,1
business,solutions,1
business,started,1
business,transformative,1
business,world,1
businesses,language,1
businesses,software,1
buyer,journeys,1
buyerexperience,report,1
buzzers,appliance,1
byline,analysis,1
byline,ani,1
byline,ashok,1
byline,clinton,1
byline,ellen,1
byline,john,1
byline,paul,1
byline,tyler,1
byline,usman,1
ca,monaca,1
calculated,acquisition,1
calibrated,led,1
california,legislature,1
call,businesses,1
call,reports,1
called,morphcast,1
called,switch,1
calling,elc,1
calling,technology,1
calls,gps,1
calls,lots,1
cambridge,university,1
campus,culture,1
canada,57,1
cancel,immediately,1
candidates,emotional,1
candidates,responses,1
canton's,native,1
canton's,token,1
capabilities,capital,1
capabilities,enable,1
capabilities,include,1
capabilities,rylo,1
capability,allowing,1
capital,57,1
capital,58,1
capital,availability,1
capital,earmarked,1
capital,elevating,1
capital,expenditures,1
capital,funding,1
capital,lowering,1
capital,sector,1
capital's,european,1
capital's,ongoing,1
captioning,provided,1
captioning,tools,1
captures,conversations,1
capturing,activity,1
capturing,sound,1
card,feature,1
card,launches,1
care,card,1
care,deeply,1
care,initiative,1
care,prosper,1
career,development,1
career,opportunities,1
career,oriented,1
career,pivot,1
carefully,due,1
carolina,south,1
carolina,usa,1
carrier,signal,1
carriers,manage,1
casey,watson,1
casino,hotels,1
catalyst,bessemer,1
catalyst,completed,1
catalyst,continues,1
catalyst,development,1
catalyst,framing,1
catalyst,hemant,1
catalyst,joining,1
catalyst,led,1
catalyst,omli,1
catalyst,remarked,1
category,acknowledging,1
cc,carries,1
cc,holds,1
celebrating,deaf,1
center,agents,1
center,capacity,1
center,electricity,1
center,employee,1
center,employees,1
center,monitoring,1
center,staff,1
center,stage,1
centers,70,1
central,america,1
central,reasons,1
centre,teams,1
centric,domains,1
centric,sectors,1
century,ago,1
ceo,articulated,1
ceo,brian,1
ceo,highlighted,1
ceo,it’s,1
ceo,notes,1
ceo,sally,1
cfo,departure,1
ch0010645932,recording,1
chain,apna,1
chain,management,1
chain,models,1
chain,operating,1
chain,targeting,1
chains,voters,1
chair,debbie,1
challenge,isn’t,1
challenge,sits,1
challenges,compared,1
challenges,limited,1
challenges,matter,1
challenges,remain,1
challenges,sequoia,1
challenges,stemming,1
challenging,technologies,1
changing,careers,1
changing,cost,1
channel,printers,1
channel,student,1
chapter,emphasizing,1
chapter,focused,1
characterized,openfx,1
charities,announce,1
chat,based,1
chat,messages,1
chat,transcripts,1
chatbot,embedded,1
checkout,page,1
chicago,athenaeum,1
chief,marketing,1
chief,revenue,1
childcare,groceries,1
children,omli,1
children's,ai,1
children's,hospital,1
chilson,explained,1
china,cranks,1
china,meeting,1
china's,domestic,1
china's,real,1
china's,robotics,1
china's,shifts,1
chinese,companies,1
chinese,officials,1
choice,examples,1
choo,savh,1
choose,ensuring,1
chopra,founder,1
chopra,step,1
chores,sleep,1
chris,maxson,1
christa,jarrold,1
christian,nyaku,1
chrome,software,1
chromosomes,72,1
churn,mitigation,1
cited,artificial,1
cities,delivering,1
cities,reporting,1
citing,transformative,1
citizens,continue,1
citizens,pay,1
city,14th,1
city,councillor,1
city,inspires,1
city,june,1
city's,rising,1
claim,settlements,1
claims,78,1
class,sign,1
classrooms,conferences,1
client,services,1
clinic,mutual,1
clinical,psychologist,1
close,accessibility,1
close,attention,1
close,friend,1
closed,akin,1
closely,watched,1
cloud,computing,1
cloud,solutions,1
cloud,tools,1
club,aeltc,1
clv,prediction,1
cnn,president,1
cnn,wire,1
coast,maine,1
code,10009326,1
code,132648,1
code,239,1
code,enpn,1
code,means,1
code,newstex,1
code,ships,1
code,webo,1
codebase,automatically,1
coding,agents,1
coding,design,1
coding,expertise,1
cofounded,devscreate313,1
cognition,71,1
cognition,76,1
cognitive,impairment,1
cohesive,platform,1
cohort,saamer,1
coinmarketcap,trading,1
collaboration,brings,1
collaboration,marks,1
collaboration,opportunities,1
collaborative,process,1
collar,jobs,1
collar,labor,1
collect,data,1
collected,curated,1
collectively,totaling,1
college,london,1
college,students,1
colleges,2027,1
colleges,focused,1
colorado,anti,1
colorado,civil,1
column,0,1
columnists,version,1
combat,tampering,1
combined,partnership,1
combines,innovative,1
combining,apple,1
combining,multiple,1
combining,unobstructed,1
comcast,mediacom,1
comfort,ceiling,1
comfort,level,1
comfort,levels,1
comfortably,read,1
comment,section,1
commentary,ai,1
commented,goodwill,1
commented,savh,1
comments,expressed,1
commerce,78,1
commerce,grocery,1
commerce,model,1
commerce,platform,1
commercial,aviation,1
commercial,deployment,1
commercial,flight,1
commercial,military,1
commercial,projects,1
commission,58,1
commission,ftc,1
commission,meeting,1
committed,approximately,1
committing,55,1
common,context,1
commonly,referred,1
communal,structures,1
communicate,participation,1
communicating,including,1
communication,86,1
communication,88,1
communication,channels,1
communication,context,1
communication,features,1
communication,growth,1
communication,paradox,1
communication,services,1
communication,speed,1
communication,standards,1
communication,systems,1
communication,technologies,1
communications,corp,1
communications,expressed,1
communications,industry,1
communications,offers,1
communications,peer,1
communications,tracking,1
communications,unwavering,1
communities,deaf,1
community,driven,1
community,engagement,1
community,focus,1
community,people,1
companies,66,1
companies,68,1
companies,70,1
companies,ability,1
companies,alongside,1
companies,attempting,1
companies,buying,1
companies,continue,1
companies,enter,1
companies,focused,1
companies,operationalize,1
companies,packaging,1
companies,positions,1
companies,selling,1
companies,talking,1
companies,told,1
companies,winning,1
company,animation,1
company,bessemer,1
company,brinqa,1
company,called,1
company,claims,1
company,continues,1
company,counts,1
company,culture,1
company,developing,1
company,develops,1
company,expanded,1
company,facilitates,1
company,formation,1
company,gained,1
company,imagine,1
company,imentiv,1
company,impact,1
company,lean,1
company,linkedin,1
company,lixandru,1
company,mediacom,1
company,molinos,1
company,operates,1
company,pioneer,1
company,pursues,1
company,regeneron,1
company,remains,1
company,scales,1
company,secured,1
company,seeks,1
company,sits,1
company,specialising,1
company,systems,1
company,time,1
company,values,1
company's,business,1
company's,commitment,1
company's,engineering,1
company's,funding,1
company's,growth,1
company's,mission,1
company's,path,1
company's,post,1
company's,valuation,1
company’s,innovative,1
company’s,vertically,1
compensation,career,1
compensation,docked,1
compensation,professional,1
competing,directly,1
competitive,asset,1
competitive,enterprise,1
competitive,moat,1
competitive,presence,1
competitive,pricing,1
competitor,goodscore,1
competitors,standard,1
complaint,alleges,1
complaint,describes,1
complaint,eisenberg,1
completely,wrong,1
complex,challenge,1
complex,datasets,1
complex,workflows,1
complexity,remain,1
compliance,issues,1
complicated,words,1
composite,photograph,1
compounded,americans,1
comprehensive,device,1
comprehensive,managed,1
comprehensive,mobility,1
computational,heavy,1
computer,audio,1
computer,programming,1
computing,software,1
concentrated,networks,1
concept,karen,1
concerns,players,1
concrete,statistical,1
conditions,related,1
conferences,churches,1
confidence,builds,1
confidence,tumbled,1
configurations,alongside,1
configurations,including,1
configured,deployment,1
confuse,users,1
congressional,committees,1
connect,paid,1
connected,sorenson's,1
connecting,digital,1
connects,job,1
connects,marketing,1
connects,users,1
consent,accel,1
consent,cecilia,1
considered,factors,1
consistently,reach,1
consolidating,data,1
consortium,janus,1
constant,reminder,1
constant,surveillance,1
constrained,earlier,1
construction,evaporating,1
construction,overview,1
consultancy,trivium,1
consulting,firm,1
consumed,businesses,1
consumer,adoption,1
consumer,pain,1
consumer,signals,1
consumer,smart,1
consumer,surplus,1
consumer,toys,1
consumers,89,1
consumers,blame,1
consumers,disabling,1
consumers,embrace,1
consumers,experience,1
consumers,voluntarily,1
consumers,weigh,1
consumption,expected,1
consumption,habits,1
contact,centre,1
contacting,richard,1
content,consumed,1
content,creation,1
content,designed,1
context,layer,1
context,research,1
contextual,domain,1
contextual,machine,1
contextual,models,1
contextual,understanding,1
contextually,prophetic,1
contextually,sound,1
continually,invest,1
continue,fighting,1
continue,investing,1
continue,leading,1
continue,reading,1
continued,ai,1
continued,confidence,1
continued,expansion,1
continued,investment,1
continues,developing,1
continuous,improvement,1
continuously,pushed,1
continuously,strives,1
contour,joined,1
contour,participated,1
contour,pushing,1
contribute,positively,1
contributing,approximately,1
contributing,factor,1
control,70,1
control,71,1
control,chip,1
control,software,1
control,trust,1
controversy,underscores,1
conventional,systems,1
conversation,focus,1
conversational,bots,1
conversational,survey,1
conversational,tool,1
conversations,annually,1
conversion,scheduled,1
convert,text,1
converts,speech,1
convey,aims,1
convey,distinguishes,1
convey,emphasized,1
convey,secures,1
convey's,approach,1
conviction,investment,1
cooling,technologies,1
cooperative,education,1
coordinates,coding,1
copilot,tools,1
coping,mechanisms,1
copy,text,1
copyright,2023,1
core,accessibility,1
core,acquiring,1
core,challenge,1
core,emotions,1
core,engine,1
core,operational,1
corn,milling,1
cornell,information,1
cornell,told,1
corners,ga,1
corp,63,1
corp,83,1
corp,92,1
corporation,14,1
corporation,founded,1
corporation,tracking,1
corrective,steps,1
correspondents,research,1
cory,doctorow,1
cost,predictability,1
cost,taking,1
costs,compared,1
council,gcc,1
counseling,resources,1
counseling,sessions,1
countries,grew,1
country’s,east,1
counts,doordash,1
counts,trump's,1
coupons,72,1
court,due,1
covering,activity,1
covering,transactions,1
covert,recording,1
cowen,bmo,1
cowen,reduced,1
crashes,truckers,1
create,conferencecaptioning,1
create,digital,1
create,futures,1
create,tangible,1
created,content,1
created,inefficiencies,1
created,sign,1
creates,ambiguity,1
creates,artificial,1
creating,atmosphere,1
creating,positive,1
creative,studies,1
creators,designers,1
cred,offer,1
credibility,strategy,1
credit,monitoring,1
credit,score,1
credits,convey,1
crew,fleet,1
crews,trust,1
cries,coughs,1
criminal,charges,1
criminal,language,1
criminal,liability,1
crisis,slammed,1
critical,bottleneck,1
critical,business,1
critical,capability,1
critical,challenge,1
critical,company,1
critical,enabler,1
critical,event,1
critical,gap,1
critical,infrastructure,1
critical,revenue,1
critical,role,1
critical,system,1
cro,jason,1
crore,competitors,1
crore,gupta,1
crore,recorded,1
crore,seed,1
cross,functional,1
crossed,1.3,1
crucial,moments,1
crude,stockpiles,1
crypto,apac,1
crypto,disclosed,1
crypto,division,1
crypto,firms,1
crypto,funding,1
crypto,invests,1
crypto,stated,1
crypto,venture,1
crypto,wrote,1
cue,keir,1
cues,sentiment,1
culture,emphasizes,1
culture,employee,1
cumulative,shipments,1
curated,decorative,1
currency,card,1
currency,markets,1
current,public,1
current,timelines,1
current,trading,1
curtailing,exports,1
curve,extractive,1
custom,built,1
custom,fireplaces,1
custom,solutions,1
customer,continued,1
customer,facing,1
customer,journey,1
customer,lifetime,1
customer,messaging,1
customer,relationships,1
customer,reviews,1
customer,specific,1
customer,support,1
customer's,behavior,1
customers,delivering,1
customers,globally,1
customers,sorenson's,1
customers,unique,1
customisable,alerting,1
customization,options,1
customized,product,1
cybersecurity,alert,1
cybersecurity,concerns,1
cybersecurity,customers,1
cybersecurity,technologies,1
daily,lives,1
dakota,vermont,1
damaging,conflict,1
daniel,lee,1
daniela,amodei,1
darkening,sentiment,1
dashboard,clarity,1
dashboard,invoca,1
dashboard,mediacom,1
dashboard,sonatype,1
dashboard,sorenson,1
dashboard,stratix,1
dashboards,ensure,1
data,architectures,1
data,breaches,1
data,informed,1
data,knowledge,1
data,latency,1
data,protection,1
data,remains,1
data,representing,1
data,science,1
data,sets,1
data,software,1
data,strategy,1
data,warehouses,1
datacentre,construction,1
datacentre,development,1
datasets,built,1
datasets,spanning,1
date,february,1
date,november,1
dateline,cnn,1
dateline,washington,1
day,event,1
deaf,charities,1
deaf,communication,1
deaf,community,1
deaf,culture,1
deaf,disabled,1
deaf,driver,1
deaf,individual,1
deaf,individuals,1
deaf,messaging,1
deaf,player,1
deaf,professionals,1
deaf,seamlessly,1
deaf,woman,1
deafness,97,1
deal,drew,1
deal,flow,1
deal,involved,1
deal,involving,1
debate,humans,1
debbie,jevans,1
debuts,crypto,1
decade,humans,1
decades,workers,1
decentralized,data,1
decisions,d.k,1
decisive,enabler,1
deck,added,1
deck,solutions,1
decorative,media,1
dedicated,ai,1
dedicated,physical,1
dedicated,wearable,1
deep,behavioral,1
deep,domain,1
deep,expertise,1
deep,institutional,1
deep,integrations,1
deep,uncertainty,1
deepen,engagement,1
deepening,integrations,1
deeper,indicators,1
deeply,grateful,1
deepmind,burbling,1
default,convey,1
defense,climate,1
deficit,disorder,1
define,modern,1
defines,genuine,1
degree,view,1
deliver,ai,1
deliver,business,1
deliver,deep,1
deliver,quality,1
deliver,services,1
delivered,combining,1
delivering,enhanced,1
delivering,packages,1
delivering,real,1
delivering,scalable,1
delivers,real,1
delivery,model,1
delivery,models,1
delivery,times,1
demand,vri,1
demands,noted,1
democratic,single,1
demographic,generalizations,1
demographic,requiring,1
demographic’s,views,1
demonstrate,accountability,1
demonstrated,meaningful,1
demonstrated,measurable,1
demonstrated,significant,1
denver,expressed,1
departments,connecting,1
deploy,automated,1
deploying,flawed,1
deployment,time,1
deprioritized,examining,1
depth,unlike,1
describe,detroit,1
descriptions,aiming,1
descriptions,generating,1
descriptions,positioning,1
descriptions,sequoia's,1
design,approach,1
design,award,1
design,business,1
design,ceo,1
design,deploy,1
design,learning,1
design,marketing,1
design,programs,1
designation,shirley,1
designs,acucraft's,1
desk,guest,1
detailed,analysis,1
detailed,conversation,1
detailed,perspective,1
detect,root,1
detection,features,1
detection,systems,1
detection,tools,1
detects,subtle,1
deterministic,systems,1
deterministic,validator,1
detroit,based,1
detroit,completed,1
detroit,home,1
detroit,native,1
detroit,neighborhood,1
detroit,offers,1
detroit,sweatshirt,1
detroiters,include,1
develop,conversational,1
develop,cutting,1
develop,speech,1
developed,omli,1
developed,proprietary,1
developed,underscoring,1
developer,academy's,1
developer,metrobloks,1
developer,noticed,1
developer.apple.com,academies,1
developers,conference,1
developers,learn,1
developing,energy,1
developing,generative,1
developing,solutions,1
development,aimed,1
development,commission,1
development,company,1
development,investors,1
development,opportunities,1
development,positioning,1
development,rylo,1
development,stating,1
development,teams,1
develops,supply,1
device,acts,1
device,developed,1
device,management,1
device,procurement,1
device,transforms,1
device,visibility,1
devices,achieving,1
devices,ceo,1
devices,educational,1
devices,features,1
devices,jeppesen,1
devices,noting,1
devices,smart,1
dewey,remarked,1
diagnosis,education,1
dial,drifting,1
dibadj,commented,1
dibadj,continuing,1
dibadj,emphasized,1
dibadj,maintaining,1
dibadj,serving,1
difference,lies,1
difficulty,hearing,1
dig,deeper,1
digital,access,1
digital,engagement,1
digital,future,1
digital,growth,1
digital,infrastructure,1
digital,interactions,1
digital,interfaces,1
digital,mind,1
digital,platforms,1
digital,portal,1
digital,surveillance,1
digital,systems,1
digital,technologies,1
dignitary,concern,1
dilute,trust,1
diplomas,89,1
diplomas,90,1
direct,economic,1
direct,reach,1
directly,inspired,1
directly,significantly,1
director,george,1
dirichlet,allocation,1
disabilities,961,1
disabilities,including,1
disabilities,integrating,1
disabilities,mutual,1
disability,additionally,1
disability,attitude,1
disability,communities,1
disability,discourse,1
disability,discrimination,1
disability,education,1
disability,employability,1
disability,pwd,1
disability,subreddits,1
disabled,workers,1
disadvantage,marginalized,1
disciplinary,technology,1
disconnect,highlights,1
discovered,15,1
discrimination,78,1
discrimination,92,1
discrimination,act,1
discrimination,built,1
discrimination,law,1
discriminatory,conduct,1
discussions,surrounding,1
diseases,disability,1
disgust,fear,1
disorder,89,1
displace,half,1
display,lenses,1
display,platforms,1
dispowering,technology,1
disrupt,supply,1
disruptive,vc,1
dist,svcs,1
distinct,advantage,1
distinct,voice,1
distinction,highlights,1
distinction,reflects,1
distracted,accel,1
distress,signals,1
distributed,fleets,1
distributed,workforce,1
distribution,dependency,1
distribution,services,1
dive,deeper,1
divide,creates,1
divide,disappears,1
division,leading,1
dn,capital,1
docked,social,1
doctorate,degrees,1
document,translation,1
dogs,barking,1
doi.org,10.1109,1
dollar,technology,1
dollar,valuations,1
domain,aware,1
domain,centric,1
domain,expertise,1
domain,intelligence,1
domain,specific,1
domain,trained,1
domestic,economic,1
don’t,hear,1
don’t,lead,1
door,earzz's,1
door,essentially,1
doorbells,dogs,1
doordash,ceo,1
doro,focusing,1
doubt,prompted,1
downstream,rework,1
downstream,sentiment,1
downward,citing,1
dr,rochester,1
draft,performance,1
drag,allowing,1
dragoneer,greenoaks,1
dramatically,improve,1
draper,questioned,1
draper,voiced,1
drawing,growing,1
drawing,increasing,1
drawn,comparisons,1
driftwood,logs,1
drive,past,1
drive,significant,1
driven,analytical,1
driven,analytics,1
driven,content,1
driven,features,1
driven,hiring,1
driven,improvements,1
driven,nature,1
driven,personalization,1
driven,product,1
driven,refinements,1
driven,sign,1
driven,software,1
driven,translation,1
driver,blind,1
driver,distress,1
driver,exited,1
driver,losing,1
driver,picks,1
driver,understood,1
driver's,efforts,1
driving,accel's,1
driving,transformation,1
dropped,14,1
drops,significantly,1
dual,challenge,1
duesette,apple,1
duesette,echoes,1
durable,currency,1
dynamic,loops,1
dynamically,simplify,1
earlier,content,1
earlier,exit,1
earlier,tools,1
earn,trust,1
earned,recognition,1
earth,minerals,1
earzz,alerted,1
earzz,alerting,1
earzz,aligning,1
earzz,continuously,1
earzz,limited,1
earzz,logo,1
earzz,pioneering,1
earzz,pradyumna,1
earzz,reaffirms,1
earzz's,ai,1
earzz's,aim,1
earzz's,innovative,1
earzz's,mission,1
earzz's,technology,1
easily,replaceable,1
east,coast,1
east,region,1
east,technology,1
echoed,paul,1
economic,advisers,1
economic,challenges,1
economic,conditions,1
economic,desperation,1
economic,healthcare,1
economic,independence,1
economic,relationship,1
economic,sentiment,1
economic,trend,1
economy,america's,1
economy,consumer,1
economy,correct,1
ecosystem,calling,1
ecosystem,comparable,1
ecosystem,growth,1
edge,alerting,1
editorial,desk,1
editorial,queries,1
editors,obtained,1
education,76,1
education,assistive,1
education,holdings,1
education,program,1
educational,materials,1
eerily,targeted,1
efb,airlines,1
efb,applications,1
efb,introduces,1
efb,platform,1
efb,software,1
efb,supports,1
effective,curation,1
effective,playbook,1
effectively,minimized,1
efficiency,blitzy's,1
efficiency,burnout,1
efficiency,lightspeed's,1
efficient,infrastructure,1
effort,laid,1
effort,specific,1
effort,targeting,1
efforts,designed,1
eisenberg,michalowski,1
elderly,adults,1
electricity,consumption,1
electronic,flight,1
electronic,line,1
electronic,logging,1
elevated,cursor's,1
elevating,cursor's,1
eliminate,adding,1
eliminating,barriers,1
elizabeth,nelson,1
ellen,cushing,1
elliott,discussed,1
embedded,technology,1
embedding,ai,1
embrace,ai,1
emerging,technologies,1
emerging,trends,1
emma,raducanu,1
emotion,ai's,1
emotion,recognition,1
emotion,robot,1
emotion,variation,1
emotional,cues,1
emotional,engagement,1
emotional,meaning,1
emotional,pulse,1
emotional,trajectory,1
emotions,75,1
emotions,92,1
emotions,96,1
emotions,anger,1
emotions,expressible,1
emotions,measured,1
empathetic,connecting,1
empathetic,human,1
emphasized,ambitions,1
emphasizes,customer,1
emphasizing,cross,1
empirical,assessment,1
employability,index,1
employability,training,1
employee,assistance,1
employee,development,1
employee,experiences,1
employee,feels,1
employee,growth,1
employee,headsets,1
employee,listening,1
employee,satisfaction,1
employee,surveys,1
employee,verbally,1
employees,continues,1
employees,dedication,1
employees,physical,1
employees,spend,1
employees,stress,1
employer,support,1
employer,tools,1
employers,broad,1
employers,detailed,1
employers,practical,1
employers,remain,1
employment,68,1
employment,78,1
employment,discrimination,1
employment,education,1
employment,engagement,1
employment,law,1
employment,outcomes,1
employment,policies,1
employment,remains,1
employment,search,1
employs,advanced,1
empowering,deaf,1
empowering,enterprise,1
enable,faster,1
enable,institutional,1
enable,janus,1
enable,rapid,1
enable,real,1
enable,standard,1
enabled,control,1
enabled,era,1
enabled,real,1
enabled,software,1
enabled,systems,1
enabled,tool,1
enables,digital,1
enables,hundreds,1
enables,scalable,1
enables,text,1
enabling,document,1
enabling,grocery,1
enabling,hundreds,1
enabling,operators,1
enabling,revenue,1
enclosed,interiors,1
encouraging,verbal,1
encryption,ceo,1
endowed,university,1
energy,efficient,1
energy,importer,1
energy,intelligence,1
energy,orchestration,1
energy,storage,1
energy,ventures,1
engage,comfortably,1
engage.me,findings,1
engagement,capabilities,1
engagement,compensation,1
engagement,deepening,1
engagement,disability,1
engagement,intensity,1
engagement,simply,1
engages,brands,1
engaging,player,1
engine,enabling,1
engine,focused,1
engineer,world's,1
engineered,models,1
engineering,capacity,1
engineering,efficiency,1
engineering,research,1
engineering,science,1
engineering,talent,1
england,78,1
enhance,people's,1
enhance,technological,1
enhanced,client,1
enhanced,m13,1
enhanced,services,1
enhances,accessibility,1
enhancing,accessibility,1
enhancing,internet,1
enhancing,safety,1
enhancing,speaking,1
enp,newswire,1
ensure,governance,1
ensures,reliable,1
ensuring,governance,1
ensuring,inclusion,1
ensuring,retention,1
ensuring,timely,1
enter,korean,1
enterprise,automation,1
enterprise,clients,1
enterprise,customers,1
enterprise,data,1
enterprise,demand,1
enterprise,digital,1
enterprise,engineers,1
enterprise,institute,1
enterprise,mobility,1
enterprise,partners,1
enterprise,software,1
enterprise,strategy,1
enterprise,user,1
enterprises,address,1
enterprises,approach,1
enterprises,increasingly,1
enterprises,offering,1
entire,middle,1
entity,affiliated,1
entrepreneur,azeem,1
entrepreneurial,spillover,1
entry,head,1
entry,level,1
environment,conducive,1
environments,featuring,1
environments,filled,1
equalizing,force,1
equally,active,1
equally,worrying,1
equip,employers,1
era,lockdowns,1
ergonomic,workplace,1
eroding,trust,1
essentially,opportunities,1
essentially,stays,1
establish,market,1
established,bases,1
established,deaf,1
established,laboratories,1
established,systems,1
establishing,bowery,1
establishing,content,1
estate,overview,1
estimated,48,1
ethical,guardrails,1
ethical,market,1
ethnicity,77,1
europe's,technology,1
european,centre,1
european,companies,1
european,tech,1
european,technology,1
european,union,1
european,ventures,1
evaluation,considered,1
evaluation,landscape,1
evaluation,methods,1
evaluation,processes,1
evaluation,technology,1
evaporating,jobs,1
event,accessibility,1
event,organizers,1
event,production,1
events,78,1
events,including,1
events,mansoor,1
eventually,close,1
everyday,lives,1
evolve,m13,1
evolve,worldwide,1
evolving,app,1
evolving,global,1
evolving,landscape,1
evolving,technology,1
ewing,outdoor,1
exact,manner,1
exact,moment,1
examining,ai,1
examples,cited,1
exceeding,"35,000",1
exceeding,700,1
exceeding,ten,1
exceptional,flame,1
exceptional,people,1
exceptional,quality,1
exceptional,service,1
exchange,board,1
exchange,chief,1
exchange,janus,1
exchange,models,1
exchange,partnership,1
exchange,space,1
exclusionary,technology,1
exclusive,access,1
execution,platform,1
execution,quality,1
executive,appointments,1
executive,avatars,1
executive,dario,1
executive,messaging,1
executive,team,1
executives,insight,1
exemplifies,stitch's,1
exhibit,implicit,1
existing,ecosystem,1
existing,fragmentation,1
existing,platforms,1
existing,suites,1
existing,translation,1
expand,product,1
expand,workforce,1
expanded,reporting,1
expanded,voice,1
expanding,stitch's,1
expanding,user,1
expands,real,1
expansion,deeper,1
expansion,stage,1
expansion,strategy,1
expansion,technology,1
expect,continued,1
expect,gains,1
expect,speed,1
expectations,generic,1
expectations,significantly,1
expensive,analytics,1
experience,69,1
experience,ai,1
experience,harassment,1
experience,managing,1
experience,overseeing,1
experience,reflects,1
experience,stratix,1
experience,technology,1
experience,worse,1
experiences,stratix,1
experimentation,research,1
expertise,exceptional,1
expertise,expected,1
experts,suggest,1
explanatory,channels,1
explicit,racial,1
explicitly,searched,1
exploitable,issues,1
exploration,revealed,1
explore,additional,1
explosive,devices,1
express,intent,1
express,trouble,1
expressed,freely,1
expressed,frustration,1
expressing,confidence,1
expressing,sadness,1
extend,reliability,1
extended,seed,1
extensive,analysis,1
extensive,customization,1
exterior,gate,1
external,clients,1
external,magnetic,1
external,platforms,1
extract,hidden,1
extract,sophisticated,1
extractive,technologies,1
extracts,achieving,1
eye,elc,1
eye's,natural,1
eyeball,trackers,1
eyewear,brands,1
faced,barriers,1
faced,increasing,1
facial,expression,1
facial,expressions,1
facilitated,multiple,1
facilitated,successful,1
facilitates,seamless,1
facilitating,multiple,1
facing,alternative,1
facing,environments,1
factorization,nmf,1
factors,63,1
factors,64,1
factors,bmo,1
factors,driving,1
factors,including,1
faculty,ratio,1
fails,pwds,1
fair,call,1
fair,treatment,1
fairly,intimate,1
fall,partnering,1
fallen,9,1
falling,usaenergy,1
falls,short,1
family,based,1
family,foundation,1
faraday,institution,1
fashionable,eyewear,1
fast,ai,1
fast,company,1
fast,food,1
fast,responses,1
fast,smart,1
faster,bill,1
faster,competitor,1
faster,deployment,1
faster,networks,1
fatigue,burger,1
favorability,ratings,1
fear,factor,1
fear,happiness,1
fear,mongering,1
fearmongering,media,1
feature,sms,1
feature,spacex,1
featured,prominently,1
features,announced,1
features,catering,1
features,deep,1
features,designed,1
features,speaker,1
featuring,executives,1
featuring,flames,1
february,19th,1
federal,government,1
federal,law,1
federal,trade,1
feedback,directly,1
feedback,earned,1
feedback,workplace,1
feel,alienated,1
feel,disempowered,1
feel,markedly,1
feel,valued,1
feeling,foreign,1
feels,authentic,1
feels,empowered,1
feet,financially,1
feldman,barrett,1
fewer,restrictions,1
fi,stories,1
fiber,optic,1
field,period,1
fierce,debate,1
figure,sum,1
file,fy26,1
filing,coalition,1
filing,covering,1
filter,intent,1
finally,speaking,1
finance,continues,1
finance,healthcare,1
finance,news,1
financial,advisory,1
financial,results,1
financial,security,1
financial,strains,1
financial,supporters,1
financially,drops,1
financially,support,1
financing,brings,1
findings,highlight,1
findings,reveal,1
fine,line,1
fine,tuned,1
fintech,momentum,1
fintech,push,1
fintech,raises,1
fire,alarms,1
fire,experience,1
fire,features,1
fire,workers,1
fireplaces,engineered,1
firestyle,studio,1
firm,advised,1
firm,albright,1
firm,betting,1
firm,completed,1
firm,highlighted,1
firm,highlighting,1
firm,hosted,1
firm,low,1
firm,maguire,1
firm,offered,1
firm,plant,1
firm,public,1
firm,recently,1
firm,remains,1
firm,retains,1
firm's,admiration,1
firm's,aggressive,1
firm's,assessment,1
firm's,communications,1
firm's,conviction,1
firm's,investment,1
firm's,lightspeed,1
firm's,meaningful,1
firm's,preparations,1
firm's,progress,1
firm's,stake,1
firm's,strategy,1
firm's,technological,1
firm's,website,1
firms,citing,1
firmware,controls,1
fix,digital,1
flagged,based,1
flagged,execution,1
flagging,challenges,1
flame,presentation,1
flames,exceptional,1
flawed,analysts,1
fleet,performance,1
flexible,frameworks,1
flight,bag,1
flight,crews,1
flight,operations,1
flight,planning,1
fm,additionally,1
fm,lightspeed,1
focus,stacking,1
focused,assets,1
focused,content,1
focused,knowledge,1
focused,operations,1
focused,roles,1
focused,seed,1
focused,startups,1
focused,thesis,1
fold,increase,1
follow,consumers,1
follow,programmed,1
food,employee,1
force,allowing,1
ford,college,1
foreflight,contact,1
foreflight,launch,1
foreflight,manage,1
foreflight's,efb,1
foreflight's,industry,1
forest,university,1
formation,maguire,1
forming,units,1
formulation,development,1
forum,helps,1
forward,thinking,1
fostering,environments,1
fostering,safety,1
found,black,1
foundation,programs,1
foundational,indian,1
foundational,infrastructure,1
founded,1995,1
founder,aman,1
founder,profile,1
founder,tom,1
founders,day,1
founders,increasingly,1
founders,sequoia's,1
fraction,trusts,1
fragmentation,hinder,1
fragmentation,oueida,1
fragmentation,stitch's,1
fragmented,legacy,1
fragmented,regional,1
frameworks,continue,1
frameworks,remain,1
franchise,model,1
francisco,bay,1
francisco,ca,1
frank,bruni’s,1
free,programs,1
free,trial,1
free,version,1
friday,4,1
front,janus,1
frontier,models,1
frontline,worker,1
fronts,managing,1
frustrated,neutral,1
frustration,feeling,1
ftc,google,1
fucking,decade,1
fulton,maryland,1
fulton,md,1
functional,games,1
functional,integration,1
functional,lacked,1
functionally,invisible,1
functions,52,1
functions,audio,1
functions,lightspeed,1
fund,appointing,1
fund,dn,1
fund,growth,1
fund,marketing,1
fundamental,business,1
fundamental,challenges,1
funding,accessibility,1
funding,activity,1
funding,aimed,1
funding,arrives,1
funding,boost,1
funding,brings,1
funding,event,1
funding,headwinds,1
funding,participation,1
funding,pushes,1
funding,supports,1
fundraising,coincides,1
fundraising,effort,1
future,accidental,1
future,depends,1
future,horizons,1
future,improvement,1
future,press,1
future,success,1
future,ventures,1
futures,category,1
fy25,oolka,1
fy25,reporting,1
ga,access,1
gaining,insights,1
gains,exceeding,1
gains,investor,1
game,design,1
games,quickly,1
gap,8,1
gap,pwds,1
gaps,revealed,1
garg,noted,1
gas,54,1
gas,extraction,1
gas,fireplaces,1
gas,plastered,1
gas,price,1
gas,resources,1
gates,64,1
gates,telling,1
gather,conversational,1
gather,data,1
gathering,context,1
gauge,steel,1
gaurav,nayyar,1
gaussion's,maglib,1
gaussion's,total,1
gdp,grew,1
gender,sex,1
generalized,surveillance,1
generate,concise,1
generate,playable,1
generate,significant,1
generate,synthetic,1
generated,captioning,1
generated,content,1
generated,executive,1
generated,games,1
generated,social,1
generates,game,1
generates,playable,1
generating,functional,1
generating,game,1
generating,legal,1
generation,owner,1
generation,renewable,1
generation,speech,1
generational,scale,1
generational,sentiment,1
generation’s,digital,1
generic,industry,1
generic,models,1
genome,library,1
gentle,monster,1
genuine,inclusion,1
genuine,participation,1
geographic,boston,1
geographic,california,1
geographic,china,1
geographic,detroit,1
geographic,england,1
geographic,india,1
geographic,massachusetts,1
geographic,pennsylvania,1
geographic,rochester,1
geographic,salt,1
geographic,silicon,1
geographic,singapore,1
george,mathew,1
george,washington,1
georgia,maryland,1
georgia,usa,1
getty,images,1
giant,intuit,1
giant,metlife,1
gilbert,family,1
gina,daniel,1
gina,neff,1
givaudan,acknowledges,1
givaudan,introduced,1
givaudan,introduces,1
givaudan,shares,1
giving,notice,1
giving,rise,1
glaring,systemic,1
glass,breaks,1
glass,stones,1
glasses,features,1
glasses,functions,1
glasses,meta,1
glasses,revelatory,1
glasses,senate,1
global,carriers,1
global,competitors,1
global,data,1
global,emotion,1
global,enterprises,1
global,foundation,1
global,outlook,1
global,privacy,1
global,providers,1
global,standard,1
global,technology,1
global,venture,1
globally,demand,1
golden,analytics,1
goodscore,focuses,1
google,deepmind,1
gordon,cofounded,1
gordon,grew,1
gordon,saamer,1
governance,frameworks,1
government,90,1
government,affords,1
government,communication,1
government,platforms,1
government,regulates,1
government,workflows,1
governments,thinking,1
grade,technology,1
gradual,decrease,1
gradual,recovery,1
gradually,broaden,1
graduate,levels,1
graduates,describe,1
grailmaker,innovations,1
grammatically,correct,1
grants,goodwill,1
granular,information,1
graphic,processing,1
green,belt,1
green,ceo,1
green,colleges,1
greenoaks,sequoia,1
grenades,73,1
grew,fed,1
gridtech,standard,1
gritty,resilient,1
groceries,education,1
grocery,delivery,1
grocery,platform,1
group’s,comfort,1
grow,contribute,1
grow,worldwide,1
growing,assistive,1
growing,cohort,1
growing,confidence,1
growing,enterprise,1
growing,food,1
growing,venture,1
grown,fivefold,1
grown,significantly,1
growth,allowing,1
growth,investors,1
growth,invoca,1
growth,partners,1
growth,remains,1
growth,surpassed,1
growth,workplace,1
guardrails,you’ve,1
guest,essay,1
guide,users,1
gupta,valuing,1
guy,eisenkot,1
guy,threw,1
h.i.g,growth,1
half,47,1
half,66,1
half,closed,1
half,view,1
hampshire,usa,1
hand,grenade,1
hand,pillar,1
hand,signals,1
handed,pandemic,1
handicap,booking,1
handle,real,1
handle,tasks,1
handling,repetitive,1
hands,revenue,1
handwritten,note,1
happiness,sadness,1
hardware,capabilities,1
hardware,centric,1
hardware,citing,1
hardware,company,1
hardware,focused,1
harms,targeted,1
harnesses,apple's,1
harsh,tariffs,1
hassabis,79,1
hawk,eye,1
hdbscan,clustering,1
headlines,alongside,1
headquarters,emphasizing,1
health,71,1
health,organizational,1
health,wellness,1
healthcare,blockchain,1
healthcare,technology,1
healthy,buffer,1
heap,praise,1
hear,companies,1
hear,innovation,1
hearing,ability,1
hearing,captioncall,1
hearing,devices,1
hearing,express,1
hearing,handicap,1
hearing,hoh,1
hearing,speech,1
hearing,students,1
heart,rate,1
heartwarming,experience,1
heartwarming,post,1
heavy,gauge,1
heavy,handed,1
heavy,lifting,1
heightened,susceptibility,1
held,accountable,1
held,firms,1
held,roles,1
helped,develop,1
helpful,step,1
helping,users,1
helps,enterprises,1
helps,write,1
henderson,ceo,1
henderson's,chief,1
henderson's,shares,1
hennan,noted,1
henry,ford,1
herald,tribune,1
hidden,topics,1
highlight,accessibility,1
highlight,organizations,1
highlighted,ai,1
highlighted,cybersecurity,1
highlighted,strong,1
highlighting,regional,1
highlights,rit’s,1
highly,customized,1
highly,effective,1
hill,mansion,1
hinder,returns,1
hindered,manufacturers,1
hirevue,aided,1
hirevue,assessment,1
hirevue,violated,1
hirevue's,platform,1
hiring,65,1
hiring,66,1
hiring,decisions,1
hiring,gaps,1
hiring,perks,1
hiring,positions,1
hiring,roles,1
historically,lacked,1
historically,required,1
hit,american,1
hit,markets,1
hkse,66,1
hkse,68,1
hkse,70,1
hoh,individuals,1
holding,llc,1
holdings,1,1
holds,positions,1
holds,wide,1
holistic,understanding,1
holy,hand,1
home,adding,1
home,systems,1
homebuyers,prices,1
honor,underscores,1
hopkins,university,1
horizon,bank,1
horowitz,bringing,1
horowitz,founder,1
horowitz,highlighting,1
horowitz,invested,1
horowitz,mohamed,1
horowitz's,crypto,1
horowitz's,investment,1
horowitz's,recent,1
hospital,call,1
hospitality,rit,1
hotels,lodging,1
hour,ai,1
hour,session,1
house,changing,1
household,chores,1
housing,collapse,1
hr,companies,1
hr,decisions,1
html,click,1
http,ieeexplore.ieee.org,1
https,doi.org,1
huge,amount,1
huge,metal,1
human,ai,1
human,assistance,1
human,connection,1
human,connections,1
human,error,1
human,experiences,1
human,eye,1
human,eye's,1
human,generated,1
human,hand,1
human,heart,1
human,impact,1
human,interaction,1
human,intermediaries,1
human,intuition,1
human,judgment,1
human,leadership,1
human,led,1
human,line,1
human,professional,1
human,representative,1
human,resource,1
human,sensory,1
humanized,digital,1
humans,focus,1
humans,study,1
humans,won’t,1
hyper,personalized,1
hypercard,flash,1
idea,shifts,1
identifiable,information,1
identified,artificial,1
identified,china's,1
identified,fragmented,1
identify,anomalies,1
identify,emerging,1
identifying,articulation,1
identity,compliance,1
ideologies,70,1
ieeexplore.ieee.org,servlet,1
illegal,act,1
illegally,meta,1
illness,72,1
imagine,marketing,1
imentiv,clients,1
immersive,environments,1
immersive,fire,1
impact,council,1
impact,responsibly,1
impacts,diverse,1
impaired,cab,1
impaired,feel,1
impaired,respondents,1
impairment,found,1
impairments,77,1
impairments,persons,1
impatient,morphcast,1
imperatives,it’s,1
imperfect,analysis,1
implement,effective,1
importer,china,1
improve,accuracy,1
improve,agent,1
improve,battery,1
improve,communication,1
improve,credit,1
improve,digital,1
improve,employment,1
improve,productivity,1
improve,usability,1
improve,workplace,1
improved,significantly,1
improves,sign,1
improving,accessibility,1
improving,accuracy,1
improving,cost,1
inappropriate,lack,1
inbound,communication,1
incident.io,tulip,1
incidents,highlight,1
incidents,including,1
include,access,1
include,doordash,1
include,fiber,1
include,goodscore,1
include,penn,1
include,pennsylvania,1
include,sandra,1
include,sensors,1
include,sentiment,1
include,spacex,1
include,speaker,1
include,video,1
include,workplace,1
included,171,1
includes,200,1
includes,ai,1
includes,fraud,1
includes,khosla,1
includes,video,1
includes,xai,1
including,automotive,1
including,cloud,1
including,conversational,1
including,employers,1
including,focus,1
including,glass,1
including,goodscore,1
including,incident.io,1
including,kpmg's,1
including,leadership,1
including,machining,1
including,mayo,1
including,nbcuniversal,1
including,nick,1
including,operations,1
including,reciprocal,1
including,regulatory,1
including,single,1
including,sulfur,1
including,technology,1
including,upfront,1
including,video,1
including,xai,1
inclusion,90,1
inclusion,efforts,1
inclusion,gateway,1
inclusion,outcomes,1
inclusion,requires,1
inclusion,signals,1
inclusion,stalls,1
inclusive,attitudes,1
inclusive,employment,1
inclusive,systems,1
inclusive,workplace,1
inconsistent,enforcement,1
incorporate,similar,1
incorporate,speaker,1
incorporated,ai,1
incorporated,features,1
incorporates,additional,1
incorrectly,assessing,1
increase,brand,1
increase,engagement,1
increase,opportunities,1
increase,td,1
increased,9,1
increases,communication,1
increasing,productivity,1
increasing,purchases,1
increasing,transparency,1
increasingly,capable,1
increasingly,disenchanted,1
increasingly,positioned,1
increasingly,recognize,1
increasingly,stringent,1
incredibly,honoured,1
independently,tested,1
index,dai,1
index,dei,1
india,94,1
india,99,1
india,accel,1
india,competing,1
india,completing,1
india,contributed,1
india,focused,1
india,led,1
india,offbeat,1
india's,linguistic,1
india's,scale,1
indian,language,1
indianapolis,city,1
indicating,consumers,1
indicating,recording,1
indicator,function,1
indigenous,accents,1
indigenous,individuals,1
indigenous,professionals,1
indigenous,societal,1
individual,identities,1
individual,intent,1
individual,users,1
individual,workers,1
individuals,151,1
individuals,indigenous,1
indoor,outdoor,1
industrial,revolution,1
industrial,sensors,1
industries,including,1
industries,reaching,1
industry,artificial,1
industry,association,1
industry,carried,1
industry,edge,1
industry,events,1
industry,level,1
industry,models,1
industry,naics211130,1
industry,naics523910,1
industry,observers,1
industry,press,1
industry,public,1
industry,real,1
industry,sic2046,1
industry,sic7372,1
industry,tablet,1
industry,term,1
industry,translators,1
industry,veterans,1
industry,zoning,1
industry’s,runaway,1
inefficiencies,oueida,1
inevitably,leads,1
inflation,american,1
inflation,crisis,1
influence,people,1
information,commonly,1
information,gaps,1
information,pii,1
information,retrieval,1
information,scientist,1
information,systems,1
informed,processes,1
infrastructure,aligning,1
infrastructure,focused,1
infrastructure,investment,1
infrastructure,permitting,1
infrastructure,properly,1
infrastructure,provider,1
infrastructure,scaling,1
infrastructure,suggesting,1
infrastructure,tailored,1
infrastructure,trends,1
inherent,emotional,1
initial,intention,1
initial,response,1
initially,centered,1
initially,intended,1
initially,projecting,1
initiative,aimed,1
initiative,founded,1
initiatives,aimed,1
initiatives,designed,1
initiatives,include,1
innovate,oueida,1
innovation,ai,1
innovation,including,1
innovations,recently,1
innovative,alerting,1
innovative,patented,1
innovative,solution,1
innovative,ventures,1
innovators,series,1
inside,ai,1
inside,washington,1
insider,you’re,1
insiders,millennials,1
insight,led,1
insightful,commentary,1
installing,industrial,1
institute's,taylor,1
institutional,experience,1
institutions,forming,1
institutions,started,1
instrument,designed,1
insurance,buyer,1
insurance,claim,1
insurance,giant,1
insurance,overview,1
insurance,telecommunications,1
integrating,topic,1
integration,aware,1
intelligence,86,1
intelligence,cognitive,1
intelligence,creating,1
intelligence,enabled,1
intelligence,identifies,1
intelligence,startup,1
intelligence,technologies,1
intelligence,technology,1
intelligent,authentic,1
intended,users,1
intent,digital,1
intent,effort,1
intent,identify,1
intentions,rarely,1
interaction,74,1
interaction,india,1
interactions,interruptions,1
interactive,html,1
interim,ceo,1
intermediation,66,1
intermediation,68,1
intermediation,70,1
intermediation,92,1
international,edition,1
international,herald,1
internet,delighted,1
internet,grin,1
internet,provider,1
internet,speeds,1
interpret,behavior,1
interpretation,transcription,1
interpreters,75,1
interpreters,76,1
interpreting,sorenson,1
interpreting,vri,1
interview,process,1
interview,results,1
interviews,65,1
interviews,66,1
interviews,representatives,1
intimate,understanding,1
introduced,baz,1
introduces,scentaurus,1
introducing,inclusive,1
intu,nasdaq,1
intuit,denied,1
intuit's,discriminatory,1
invasive,tracking,1
inventing,paper,1
invest,meaningfully,1
invested,9,1
invested,roughly,1
investigations,91,1
investigators,publish,1
investing,rs,1
investment,a16z,1
investment,aligns,1
investment,announced,1
investment,decision,1
investment,driven,1
investment,fronts,1
investment,opportunities,1
investment,participation,1
investment,plans,1
investment,rationale,1
investment,rylo's,1
investment,scope,1
investment,space,1
investment,strategy,1
investment,technology,1
investment,values,1
investments,adding,1
investor,ceo,1
investor,founded,1
investor,peak,1
investor,reaction,1
investors,expect,1
investors,founded,1
investors,massmutual,1
investors,openfx,1
investors,rylo,1
investors,seeking,1
investors,vertex,1
invests,100,1
invests,9,1
invisible,ai,1
invites,students,1
invoca,1,1
invoca,consumers,1
invoca,platform,1
invoca,study,1
invoca,united,1
invoca's,ai,1
invoca's,analysis,1
invoice,processing,1
involved,trian,1
involvement,reflects,1
involving,thousands,1
ipad,jeppesen,1
ipo,amidst,1
isn’t,built,1
isn’t,proving,1
isolated,experiments,1
issue,begins,1
issues,90,1
issues,involving,1
items,shipped,1
iteration,systems,1
it’s,built,1
it’s,hellbent,1
it’s,proving,1
it’s,time,1
i’m,reading,1
jack,draper,1
jasmine,sun,1
jason,mcclelland,1
jevans,maintains,1
jimenez,credits,1
jimenez,hopes,1
jimenez,including,1
jmir,aging,1
job,candidates,1
job,interviews,1
job,job,1
job,market,1
job,opportunities,1
job,screening,1
jobs,collaborate,1
jobs,lost,1
jobs,usaspending,1
joe,biden,1
joe,mazur,1
john,naughton,1
johns,hopkins,1
join,forces,1
joined,aclu,1
joined,mizuho's,1
joining,convey's,1
joining,forces,1
josh,lye,1
journal,article,1
journal,exploring,1
journalists,report,1
journey,2026,1
journey,seamless,1
july,10th,1
july,2025,1
july,28,1
june,19,1
june,26,1
june,9th,1
junk,science,1
jurvetson,gaussion's,1
justify,ai,1
karen,levy,1
kaul's,hire,1
kayla,kohler,1
keir,starmer’s,1
keleghan,ceo,1
keleghan,chief,1
kemp,vice,1
key,advocate,1
key,equalizer,1
key,factors,1
key,findings,1
key,incidents,1
key,investor,1
key,recommendations,1
key,resource,1
key,stumbling,1
keyboard,inactivity,1
keystroke,loggers,1
keystroke,simulators,1
keystroke,tracker,1
kilobases,supported,1
kingdom,70,1
kingdom,72,1
kingdom,92,1
kingdom,december,1
knowledge,production,1
knowledge,sequoia's,1
korea’s,position,1
kpmg's,withdrawal,1
kumi,christian,1
l.p,held,1
labor,intensive,1
labor,practices,1
labor,regulation,1
labs,park,1
lacked,contextual,1
ladder,rung,1
lake,waterman,1
landmark,transaction,1
landscape,continues,1
landscape,disclosure,1
landscape,leaders,1
landscape,lixandru,1
landscape,peer,1
landscape,touching,1
language,access,1
language,context,1
language,data,1
language,emerged,1
language,model's,1
language,prohibiting,1
language,systems,1
language,technology,1
language,vast,1
languages,91,1
languages,96,1
languages,consistently,1
languages,creating,1
languages,initially,1
languages,investor,1
languages,requires,1
larger,platform,1
larger,window,1
largest,private,1
largest,technological,1
largest,virtual,1
lasting,customer,1
latent,dirichlet,1
launch,manage,1
launch,omli,1
launched,officially,1
laundry,detergent,1
lauren,rhue,1
law,center,1
law,illustrating,1
lawful,conduct,1
lawrence,freedman,1
laws,moving,1
lead,fundamentum,1
leaders,companies,1
leaders,increasingly,1
leadership,addition,1
leadership,believes,1
leadership,compensation,1
leadership,skills,1
leading,ai,1
leading,commercial,1
leading,employer,1
leading,investors,1
leading,manufacturer,1
leading,software,1
leading,support,1
leading,technology,1
leading,today's,1
leads,38,1
leads,convert,1
leads,drop,1
learners,includes,1
learning,journeys,1
learning,prior,1
learning,tasks,1
led,asia,1
led,business,1
led,components,1
led,funding,1
led,lighting,1
led,quick,1
lee,vice,1
left,standing,1
legacy,infrastructure,1
legacy,spanning,1
legacy,technology,1
legal,ambiguity,1
legal,complaint,1
legislation,72,1
legislation,91,1
legislature,it’s,1
length,1113,1
length,1151,1
length,1242,1
length,1267,1
length,1290,1
length,1351,1
length,1414,1
length,1423,1
length,1450,1
length,1530,1
length,1711,1
length,1722,1
length,1776,1
length,1818,1
length,1977,1
length,2150,1
length,2292,1
length,2326,1
length,2358,1
length,2379,1
length,2509,1
length,2850,1
length,3515,1
length,352,1
length,3584,1
length,3609,1
length,394,1
length,4517,1
length,452,1
length,553,1
length,578,1
length,585,1
length,641,1
length,653,1
length,758,1
length,851,1
length,860,1
length,878,1
length,898,1
length,903,1
length,926,1
level,tone,1
level,white,1
leverage,artificial,1
leverage,trump,1
leverages,ai,1
leveraging,earzz's,1
leveraging,technology,1
levy,wrote,1
liberties,law,1
library,platform,1
license,compliance,1
lieutenants,continue,1
life,balance,1
life,including,1
lifecycle,management,1
lifecycle,workflows,1
lift,prices,1
light,boxes,1
light,depth,1
light,indicating,1
lightspeed,additionally,1
lightspeed,contributing,1
lightspeed,participated,1
lightspeed's,communications,1
likes,focusing,1
limitation,surfaced,1
limitations,government,1
limited,employment,1
limited,leverage,1
limited,set,1
limited,workplace,1
limits,trump's,1
limousines,77,1
limousines,90,1
line,judges,1
linear,foot,1
linguistic,diversity,1
linkedin,corp,1
linkedin,postpillai,1
liquid,cooling,1
lisa,feldman,1
listen,closely,1
listening,hirevue,1
listening,intently,1
listing,sequoia's,1
lists,highlight,1
literal,translation,1
litigation,78,1
live,audiences,1
live,event,1
lived,novelty,1
lived,realities,1
lixandru,noted,1
llc,1,1
llc,2,1
llc,83,1
llc,united,1
local,languages,1
local,organizations,1
local,startups,1
location,trackers,1
lockdowns,sentiment,1
lodging,houses,1
loggers,cameras,1
login,frequency,1
lomb,memorial,1
lomotey,information,1
london,june,1
london,online,1
london,united,1
longstanding,challenges,1
longstanding,inefficiencies,1
looming,midterms,1
loop,89,1
loses,tone,1
losing,customers,1
loss,rit,1
loss,rylo's,1
lovely,piece,1
low,awareness,1
low,china's,1
low,economic,1
low,support,1
low,wage,1
lowering,targets,1
lse,55,1
lse,68,1
lse,73,1
lse,74,1
lse,91,1
lua,based,1
lumina,video,1
luminous,virtual,1
luxury,environments,1
lye,sadeaf,1
m13,designation,1
m13,pioneering,1
machine,collaboration,1
machine,driven,1
machine,helps,1
machine,learning,1
machines,follow,1
madhukar,stated,1
mafia,phenomenon,1
magic,bridging,1
maglib,magnetic,1
magnetic,field,1
magnetic,pcb,1
maguire,cautioned,1
maguire,commenting,1
maguire,contended,1
maguire's,personal,1
maguire's,portfolio,1
maintaining,privacy,1
maintains,operational,1
maintains,ultimate,1
major,energy,1
major,indian,1
major,statutory,1
major,topics,1
makes,communication,1
makes,soundproof,1
malodor,including,1
manage,comprehensive,1
manage,mobility,1
managed,device,1
managed,services,1
management,children's,1
management,firm,1
management,privatization,1
management,prosper,1
management,provided,1
management,software,1
manager,transitioned,1
manager,triggered,1
managing,approximately,1
managing,digital,1
managing,financial,1
mandating,electronic,1
manner,prohibited,1
mansoor,briaca,1
mansoor,helped,1
mansueto,ventures,1
manual,effort,1
manually,operators,1
manufacturers,adoption,1
manufacturing,75,1
manufacturing,82,1
manufacturing,combined,1
manufacturing,facility,1
manufacturing,products,1
manufacturing,standard,1
march,18,1
march,26,1
march,3,1
marginalize,deaf,1
marginalized,communities,1
mario,tama,1
market,91,1
market,conditions,1
market,execution,1
market,footprint,1
market,masterclass,1
market,moves,1
market,park,1
market,pathways,1
market,peracha,1
market,revenue,1
market,roles,1
market,segments,1
market,shift,1
market,strategies,1
marketing,89,1
marketing,analytics,1
marketing,commerce,1
marketing,dashboard,1
marketing,function,1
marketing,narrative,1
marketing,officer,1
marketing,project,1
markets,62,1
markets,consistent,1
markets,taiwan,1
markov,chain,1
marks,apna,1
mart,alongside,1
martin,kemp,1
maryland,michigan,1
maryland,usa,1
masked,language,1
massive,disconnect,1
massive,price,1
materials,media,1
materials,technological,1
mathew,joined,1
matrix,factorization,1
maxson,owner,1
mayo,clinic,1
mazur,senior,1
mckinsey,estimates,1
md,june,1
meaningful,collaboration,1
meaningful,employment,1
meaningful,inclusion,1
meaningful,product,1
meaningful,progress,1
meaningfully,accelerate,1
meaningfully,reshape,1
means,blindly,1
means,clustering,1
meantime,corporations,1
measurable,improvements,1
measurable,profitable,1
measurable,recognisable,1
measured,excitement,1
measures,78,1
measures,malodor,1
measuring,heart,1
meat,company,1
mechanical,tone,1
media,58,1
media,60,1
media,71,1
media,commentary,1
media,contact,1
media,ieee,1
media,inquiries,1
media,investments,1
media,limited,1
media,options,1
media,platform,1
media,reactionsthe,1
mediacom,focuses,1
mediacom,peer,1
mediacom,stands,1
medicaid,expand,1
medications,household,1
medium,sized,1
meet,consumer,1
meet,growing,1
meet,skeptics,1
meeting,participants,1
meetings,69,1
meetings,78,1
meetings,calls,1
membership,basis,1
memorial,dr,1
menafn,business,1
menafn,press,1
menu,artificial,1
messages,morphcast's,1
messaging,instantly,1
messy,middle,1
meta,google,1
meta's,conversation,1
metal,sheds,1
methodologically,flawed,1
metropolitan,development,1
micro,segment,1
microphones,employees,1
microsoft's,cloud,1
mid,career,1
midterms,republicans,1
migration,sequoia's,1
military,business,1
millennials,comfortable,1
milling,58,1
million,americans,1
million,bringing,1
million,commercial,1
million,customers,1
million,notable,1
million,phone,1
million,smart,1
mind,predictive,1
mindless,typing,1
mindset,shifts,1
mindsets,account,1
minimized,operational,1
minute,delivery,1
minutes,competing,1
miscellaneous,intermediation,1
misplaced,item,1
miss,ceo,1
mission,north,1
mit's,institute,1
mizuho,cutting,1
mizuho,reducing,1
mizuho's,ai,1
mobile,application,1
mobile,investments,1
mobile,technology,1
mobility,diagnosis,1
mobility,program,1
mobility,programs,1
mobility,rules,1
mobility,services,1
mobility,solutions,1
mock,turtleneck,1
modal,sentiment,1
model,alongside,1
model,built,1
model,delivering,1
model,hirevue,1
model,india,1
model,performance,1
model,reducing,1
model,reflects,1
model,sector,1
model,sets,1
model,tailored,1
model,targeting,1
model's,initial,1
modeling,algorithms,1
modeling,sentiment,1
models,based,1
models,introduced,1
models,issues,1
models,predicting,1
models,regulated,1
models,struggled,1
modern,digital,1
modern,foundation,1
modern,technological,1
modern,technology,1
modernize,operations,1
modular,panels,1
molinos,nacionales,1
molotov,cocktail,1
moment,occurred,1
monaca,58,1
monaca,pa,1
monad,foundation,1
monero,gaining,1
monero,surging,1
money,valuation,1
mongering,media,1
monitor,call,1
monitor,efficacy,1
monitored,staff,1
monitoring,firm's,1
monitoring,services,1
monitors,call,1
monitors,schoolchildren's,1
month,experience,1
month,period,1
month,program,1
months,consumer,1
mood,dial,1
morphcast,app,1
morphcast's,zoom,1
motor,city,1
moved,past,1
movement,driven,1
moves,spanning,1
moving,house,1
ms,rosie,1
msu,henry,1
muddied,signals,1
multi,modal,1
multi,select,1
multilingual,communication,1
multilingual,datasets,1
multilingual,websites,1
multiple,communication,1
multiple,factors,1
multiple,images,1
multiple,investment,1
multiple,markets,1
multiple,product,1
multiple,tools,1
multiple,values,1
multiuse,software,1
munshi,cited,1
musk,78,1
musk,related,1
musk,ventures,1
mutual,understanding,1
nacionales,ca,1
nagish,secured,1
naics211120,crude,1
naics211130,natural,1
naics334610,manufacturing,1
naics513130,book,1
naics523910,miscellaneous,1
naics721110,hotels,1
nakul,kundra,1
narrative,ai,1
nasdaq,58,1
nasty,surprises,1
national,inclusion,1
national,origin,1
national,planning,1
national,security,1
national,technical,1
nationwide,survey,1
native,hardware,1
native,processing,1
native,token,1
natural,luminescence,1
natural,perception,1
navigate,monitor,1
navigates,erratically,1
navy,blazer,1
nba,players,1
nearest,competitor,1
nec,57,1
nec,58,1
nec,82,1
nec,92,1
neeraj,agrawal,1
negative,matrix,1
negative,quadrant,1
negative,societal,1
negative,words,1
neil,chilson,1
net,profit,1
network,enhancing,1
networks,designed,1
networks,found,1
neural,engine,1
neurologic,auditory,1
neutering,trump's,1
newbury's,sentiment,1
newly,created,1
news,91,1
news,article,1
news,editor,1
news,english,1
news,investigators,1
news,journalists,1
news,originating,1
news,reporter,1
news,startup,1
news,stories,1
news,syndicates,1
newsrx,correspondents,1
newstex,blogs,1
newsweek's,evaluation,1
newsweek's,list,1
newsweek's,rankings,1
newswire,june,1
nice,personality,1
niche,professional,1
niche,sectors,1
niche,technology,1
nigel,green,1
nmf,discovered,1
nonprofit,devscreate313,1
norcross,georgia,1
normans,media,1
northeast,colleges,1
northwest,meat,1
notable,customers,1
notable,degree,1
notable,enterprise,1
notable,funding,1
notable,improvements,1
notable,move,1
notable,startups,1
notable,tech,1
notably,purchasing,1
note,left,1
noted,capital,1
noted,paul,1
notes,bias,1
noticed,glaring,1
notifies,users,1
november,2025,1
november,midterm,1
nuanced,topic,1
nuances,application,1
nudges,awareness,1
numerous,policy,1
numerous,workplace,1
nvidia,graphic,1
ny,14623,1
nyaku,ralph,1
nyse,55,1
nyse,68,1
nyse,73,1
nyse,74,1
nyse,91,1
oakley,google,1
objective,inputs,1
objectively,measured,1
observer,london,1
observers,note,1
obtain,answers,1
occasionally,impatient,1
offer,overlapping,1
offering,ai,1
offering,broadband,1
offering,formulators,1
offering,solutions,1
offerings,include,1
offerings,investment,1
offers,50,1
offers,approximately,1
offers,curated,1
officer,chro,1
officer,cmo,1
officer,cro,1
officer,emphasized,1
officer,expressed,1
officially,achieved,1
officially,introduced,1
officials,view,1
officiating,89,1
oil,price,1
oklahoma,south,1
omli,raised,1
ongoing,ai,1
ongoing,challenge,1
ongoing,data,1
ongoing,investments,1
online,payment,1
online,wondering,1
oolka,helps,1
oolka,raised,1
oolka,remained,1
oolka,valuing,1
op,ed,1
op,operations,1
op,opportunities,1
opac,punumber,1
openai,boss,1
openfx,operates,1
openfx,positioned,1
openfx's,platform,1
openfx's,user,1
openview,introduced,1
openview,utilizes,1
operating,responsibly,1
operational,credibility,1
operational,drag,1
operational,headquarters,1
operational,model,1
operational,presence,1
operational,processes,1
operational,stacks,1
operational,tasks,1
operations,anchoring,1
operations,management,1
operations,product,1
operations,recently,1
operators,providing,1
opportunities,44,1
opportunities,grants,1
opportunities,people,1
opportunity,ahead,1
opportunity,empathy,1
opportunity,highlighting,1
opportunity,spans,1
optic,upgrades,1
optical,media,1
optical,quality,1
optimal,approach,1
optimization,digital,1
optional,anthropic’s,1
options,chris,1
options,including,1
orchestrate,seamless,1
orchestration,software,1
organization,american,1
organization,hotels,1
organization,penn,1
organization's,benefits,1
organizational,efficiency,1
organizational,transparency,1
organizations,65,1
organizations,76,1
organizations,78,1
organizations,90,1
organizations,communicate,1
organizations,found,1
oriented,education,1
origin,discrimination,1
original,app,1
oueida,expressed,1
oueida,highlighted,1
oueida,identified,1
oueida,noting,1
oueida,remarked,1
oueida,shared,1
outcomes,improve,1
outcomes,structure,1
outdated,infrastructure,1
outdoor,designs,1
outdoor,supply,1
outlining,corrective,1
outlining,critical,1
outreach,amid,1
outsourcing,model,1
overcoming,challenges,1
overlapping,credit,1
overlapping,functions,1
overly,punitive,1
overview,60,1
overview,71,1
overview,90,1
overzealous,regulation,1
owner,credits,1
ownership,alongside,1
pa,united,1
pace,india,1
pacific,efforts,1
package,marketed,1
packs,raised,1
paid,media,1
pandemic,era,1
pandemic,pushed,1
panels,reaching,1
panoramic,photography,1
paper,charts,1
paper,notes,1
parent,company,1
park,sung,1
partially,accountable,1
participants,attention,1
participants,conveyed,1
participants,prioritized,1
participating,investors,1
participation,adds,1
participation,existing,1
participation,improve,1
participation,lends,1
participation,reflects,1
participation,signals,1
parties,expected,1
partner,anant,1
partner,neeraj,1
partner,offered,1
partners,92,1
partners,adding,1
partners,additionally,1
partners,announced,1
partners,battery,1
partners,ceo,1
partners,contributed,1
partners,enabling,1
partners,hosted,1
partners,led,1
partners,managing,1
partners,participated,1
partners,published,1
partners,responded,1
partners,shared,1
partnership,earzz's,1
partnership,exemplifies,1
partnership's,commitment,1
partnership's,focus,1
party,distributors,1
party,government,1
party,interpretation,1
passion,project,1
passive,consumption,1
past,couple,1
past,decade,1
past,vanity,1
past,week,1
path,jimenez,1
patients,unitedhealth,1
patterns,including,1
paul,newbury,1
paul,newbury's,1
paul,triolo,1
pavlyuchenkova,expressed,1
pavlyuchenkova,match,1
pay,money,1
pay,television,1
paychecks,falling,1
payment,services,1
paypal,mafia,1
paypal's,listing,1
paypal's,public,1
pcb,retrofit,1
pdi,technologies,1
pe,holding,1
peace,negotiations,1
peachtree,corners,1
peak,gains,1
peer,firms,1
peer,front,1
peer,reported,1
peer,support,1
peltz,acknowledged,1
peltz,cited,1
peninsula,panoramic,1
pennsylvania,united,1
pennsylvania,usa,1
people,50,1
people,don’t,1
people,experience,1
people,plans,1
people,recognise,1
people,remain,1
people,strategies,1
people,understands,1
people's,bodies,1
people's,everyday,1
peracha,characterized,1
peracha,noting,1
perceived,ability,1
perceived,fairness,1
perceived,lack,1
perception,gap,1
perceptions,awareness,1
perfectly,synced,1
perform,significantly,1
performance,assessment,1
performance,claims,1
performance,evaluations,1
performance,pressures,1
performance,sales,1
performing,industries,1
period,8,1
period,polled,1
permid,4295915928,1
permid,4296584546,1
permid,4297910304,1
permid,4298440310,1
permid,5001447189,1
permid,company,1
person,bill,1
person,credits,1
person,xi,1
personal,pleasantness,1
personal,security,1
personality,type,1
personalized,discount,1
personalized,experiences,1
personally,committed,1
personally,identifiable,1
personally,invested,1
persons,90,1
persons,92,1
peter,elias,1
peterisaacson,cmo,1
petroleum,extraction,1
petroleum,natural,1
pets,71,1
pets,72,1
pharmaceutical,company,1
phone,call,1
phone,conversations,1
phone,leads,1
phone,pods,1
phone,services,1
phones,audio,1
phones,tablets,1
photo,photograph,1
photograph,openview,1
photographic,techniques,1
physical,construction,1
physical,device,1
physical,disabilities,1
physical,emotional,1
physical,environment,1
physical,hardware,1
physical,impairments,1
physical,tech,1
picture,emerges,1
pii,allowing,1
pilled,administration,1
pilots,operators,1
pioneer,pe,1
pioneering,ai,1
pioneering,cost,1
pioneering,quantitative,1
pitch,tone,1
pivotal,force,1
pivotal,phase,1
plan,navigate,1
planned,projects,1
planning,applications,1
planning,framework,1
planning,network,1
planning,stage,1
plans,spanning,1
plaque,forming,1
platform,accelerates,1
platform,addressing,1
platform,analysed,1
platform,built,1
platform,capabilities,1
platform,completed,1
platform,covers,1
platform,delivering,1
platform,enabling,1
platform,evolved,1
platform,features,1
platform,handles,1
platform,improves,1
platform,includes,1
platform,moves,1
platform,openfx,1
platform,policies,1
platform,potentially,1
platform,providers,1
platform,reported,1
platform,specifically,1
platform,vc,1
platform's,ability,1
platform's,clients,1
platform's,mission,1
platform's,potential,1
platform's,product,1
platform's,success,1
platforms,catered,1
platforms,including,1
platforms,support,1
platforms,targeting,1
platforms,understand,1
playable,video,1
playbook,shift,1
player,confidence,1
player,criticism,1
player,engagement,1
player,experience,1
player,noting,1
player,reactions,1
players,disappointment,1
players,emma,1
playing,poorly,1
plc,55,1
plc,68,1
plc,73,1
plc,74,1
plc,91,1
pocket,developed,1
pocket,launched,1
pocket,reported,1
pocket,shipped,1
policy,77,1
policy,approaches,1
policy,debate,1
policy,discussions,1
policy,documents,1
policy,processes,1
policy,support,1
political,consequences.just,1
political,social,1
polygon,labs,1
poor,accessibility,1
poor,return,1
popular,automated,1
popular,newsletter,1
population,38,1
population,operated,1
population,remain,1
population,remains,1
population,running,1
population,views,1
populism,65,1
portfolio,firms,1
pose,challenges,1
positioning,janus,1
positions,m13,1
positive,correlation,1
positive,customer,1
positive,employee,1
positive,impact,1
positive,investor,1
positive,perception,1
positive,public,1
positive,sentiment,1
positively,impacts,1
post,emphasizing,1
post,money,1
posted,equally,1
posted,march,1
postpillai,praised,1
potential,software,1
potentially,establishing,1
potentially,surpassing,1
power,generation,1
power,profitable,1
powered,analytics,1
powered,leader,1
powered,revenue,1
powered,scam,1
powered,smart,1
powered,sound,1
powered,systems,1
powerful,reminder,1
practical,employer,1
practical,enablement,1
practical,implications,1
practical,nudges,1
practical,tools,1
practically,impossible,1
practice,active,1
pradyumna,thiruvenkatanathan,1
pre,configured,1
pre,engineered,1
pre,trained,1
precarious,circumstances,1
precise,credit,1
precision,ensuring,1
precision,weighted,1
predict,employability,1
predict,significant,1
predictability,fleet,1
predictable,cost,1
predicting,negative,1
predictive,churn,1
preference,driven,1
preferences,vary,1
preferred,language,1
premium,service,1
prepared,employers,1
presence,lightspeed's,1
presentation,whisper,1
preserved,intent,1
president,donald,1
president,joe,1
president,ronald,1
president,strategic,1
press,51,1
press,agency,1
pressure,environments,1
pretty,granular,1
pretty,strong,1
prevent,future,1
previous,738,1
previous,valuation,1
previously,led,1
previously,raised,1
previously,required,1
price,shock,1
price,shocks,1
price,spikes,1
prices,continued,1
pricing,packaging,1
pricing,recent,1
pride,levy,1
primary,trust,1
princeton,review,1
princeton,review’s,1
principal,lecturer,1
printing,84,1
prints,mounted,1
prior,7,1
prior,round,1
prior,tools,1
prioritises,privacy,1
prioritising,safety,1
prioritize,innovation,1
prioritizing,exploitable,1
privacy,property,1
privacy,protection,1
privacy,regulations,1
privacy,standard,1
privacy,takes,1
private,employers,1
privately,endowed,1
privatization,ai,1
prnewswire,sorenson,1
problematic,asr,1
process,consumer,1
process,promising,1
process,transparency,1
processed,credit,1
processes,engagement,1
processes,lightspeed's,1
processing,campaign,1
processing,deaf,1
processing,disorders,1
processing,units,1
procurement,accelerate,1
produce,outputs,1
produce,prints,1
produced,content,1
produced,transcripts,1
product,builds,1
product,commercial,1
product,focused,1
product,hit,1
product,initiatives,1
product,issue,1
product,led,1
product,naturally,1
product,performance,1
product,ranked,1
product's,purpose,1
production,capabilities,1
production,reliability,1
productivity,concerns,1
productivity,imagine,1
products,77,1
products,analyze,1
products,base,1
products,delivering,1
professional,activity,1
professional,app,1
professional,development,1
professional,life,1
professional,proximity,1
professional,settings,1
professional,standards,1
professional,ultra,1
professional,whitepaper,1
professor,gina,1
professors,event,1
professors,started,1
profile,crypto,1
profile,entrepreneurs,1
profile,incidents,1
profile,market,1
profit,figure,1
profound,impact,1
profoundly,deaf,1
program,focused,1
program,free,1
program,improving,1
program,including,1
program,lies,1
programmed,rules,1
programming,87,1
programs,including,1
programs,ranked,1
programs,specialized,1
programs,worldwide,1
prohibiting,users,1
projecting,approximately,1
projects,combining,1
prolonged,deflation,1
prominent,investor,1
prominent,peer,1
promising,employers,1
promotion,interview,1
promotion,seeking,1
promotional,campaign,1
promotional,copy,1
prompted,morphcast,1
prompts,include,1
pronounced,gap,1
proper,accessible,1
proper,captioning,1
properly,accessible,1
properly,balance,1
prophetic,offering,1
proposed,legislation,1
proprietary,multilingual,1
proprietary,quietflow,1
proprietary,technology,1
protect,individual,1
protecting,customer,1
proudly,announced,1
prove,invaluable,1
proven,outsourcing,1
proven,track,1
provide,adequate,1
provide,data,1
provided,jimenez,1
provided,recommendations,1
provided,subtitles,1
provider,headquartered,1
provider,rylo,1
providers,83,1
providers,92,1
providers,incorporate,1
providers,notable,1
providers,utilizing,1
providing,accessible,1
providing,career,1
providing,intuit,1
providing,strategic,1
proving,billion,1
proving,ground,1
psychologist,lisa,1
psychology,76,1
public,admitted,1
public,defense,1
public,interactions,1
public,listing,1
public,rate,1
public,shareholders,1
public,transit,1
public,transportation,1
public,trusts,1
public’s,throat,1
published,earlier,1
publishers,58,1
publishing,printing,1
punumber,6287639,1
purchase,decisions,1
purchasing,sign.mt,1
puri,noted,1
purposes,chances,1
pursue,market,1
pursues,growth,1
pursuing,transformative,1
push,verifiable,1
pwd,employability,1
pwd,users,1
pwds,comments,1
pwds,disability,1
pwds,rate,1
q1,2026,1
qualified,candidates,1
qualitative,discipline,1
quality,acrylic,1
quality,assurance,1
quality,mobility,1
quality,standard,1
quantifiable,benchmarks,1
quantify,malodor,1
quantitative,odor,1
quarter,robust,1
query,complex,1
quest,distributed,1
question,formats,1
questions,remain,1
queue,georgia,1
quickly,realized,1
quietflow,technology,1
quotient,leading,1
race,ethnicity,1
rachel,weston,1
racial,bias,1
rad,advancing,1
rad,andrew,1
rad,earzz,1
rad,innovate,1
rad,join,1
rad,supports,1
rad's,mission,1
raise,tariffs,1
raised,11,1
raised,184m,1
raised,28,1
raised,56,1
raised,85,1
raised,questions,1
raised,rs,1
raises,25,1
ralph,deters,1
ranging,power,1
ranked,empowerment,1
ranked,feature,1
rankings,90,1
rankings,91,1
rankings,developed,1
rapid,charging,1
rapid,response,1
rapidly,evolving,1
rare,earth,1
rarely,pave,1
rate,breathing,1
rate,revenue,1
rate,singapore's,1
rated,accessibility,1
rated,physical,1
rating,tech,1
ratings,piper,1
ray,ban,1
reach,"1,470",1
reach,approximately,1
reaching,46,1
reaching,millions,1
reaching,peak,1
reaching,sizes,1
reactionsthe,post,1
reactive,posture,1
reaffirmed,support,1
reagan's,council,1
real,agency,1
real,constraint,1
real,constraints,1
real,customers,1
real,empowerment,1
real,interactions,1
real,opportunities,1
real,promise,1
real,user,1
realistic,sense,1
reality,machine,1
realization,set,1
reason,trump,1
reasonable,accommodations,1
reasonable,limitations,1
reasonable,person,1
rebuild,weapon,1
receive,tax,1
received,52.00,1
received,approval,1
recent,funding,1
recent,incidents,1
recent,industry,1
recent,initiatives,1
recent,meeting,1
recent,months,1
recent,public,1
recent,study,1
recent,weeks,1
recently,launched,1
recently,shared,1
reciprocal,tariffs,1
recognition,62,1
recognition,ensuring,1
recognition,india,1
recognition,omli,1
recognition,stating,1
recognition,underscores,1
recognized,gap,1
recommendation,personalization,1
recommendations,60,1
recommends,developing,1
recommends,introducing,1
record,lows,1
record,video,1
recording,capabilities,1
recording,devices,1
recording,equipment,1
recreation,events,1
reddit,api,1
reduce,costs,1
reduce,dependency,1
reduce,overwork,1
reduces,dependency,1
reducing,crashes,1
reducing,deployment,1
reducing,security,1
reducing,upfront,1
referees,umpires,1
refine,ai,1
refinements,remain,1
reflecting,regional,1
reflecting,strong,1
reflects,broader,1
reflects,sorenson,1
reflects,south,1
reflects,sustained,1
reflects,uk,1
region,companies,1
region's,trajectory,1
regional,ambitions,1
regional,ecosystems,1
regional,expansion,1
regional,investment,1
regional,languages,1
regional,operators,1
regional,validation,1
regionally,significant,1
region’s,fintech,1
regulate,wearable,1
regulated,sectors,1
regulates,emerging,1
regulation,prompted,1
regulations,continue,1
regulations,professionalism,1
regulations,vary,1
regulatory,barriers,1
regulatory,complexity,1
regulatory,permitting,1
reinforces,sorenson's,1
related,development,1
related,investments,1
related,sounds,1
related,topics,1
relational,meaning,1
relations,90,1
relations,91,1
relations,pwd,1
relationships,top,1
release,10,1
release,11,1
release,12,1
release,13,1
release,14,1
release,2,1
release,3,1
release,4,1
release,5,1
release,6,1
release,7,1
release,8,1
release,9,1
release,beaware,1
release,companies,1
release,distribution,1
release,views,1
releases,91,1
releases,english,1
reliability,features,1
reliable,deterministic,1
reliable,draft,1
relies,primarily,1
religious,fanatic,1
remain,committed,1
remain,excluded,1
remain,labor,1
remain,obstacles,1
remain,persistent,1
remain,real,1
remain,unaware,1
remain,underdeveloped,1
remained,downtrodden,1
remained,subdued,1
remaining,10,1
remains,challenging,1
remains,dedicated,1
remains,irreplaceable,1
remains,low,1
remains,pre,1
remains,significantly,1
remains,steep,1
remains,unemployed,1
remarked,earzz's,1
remediation,steps,1
reminders,emerging,1
reminders,phone,1
remote,interpreting,1
removing,communication,1
renaissance,program,1
renewable,energy,1
repayments,oolka,1
repeat,entrepreneurs,1
repeat,founders,1
repetitive,nightly,1
replace,human,1
replace,sensory,1
replace,traditional,1
replaceable,led,1
replacement,services,1
replacing,human,1
replicates,daylight,1
report,covering,1
report,due,1
report,findings,1
report,noted,1
report,released,1
reported,issues,1
reported,modest,1
reportedly,grew,1
reporter,staff,1
reporting,modest,1
reporting,operating,1
reporting,revenue,1
reports,66,1
reports,69,1
reports,71,1
reports,78,1
reports,deliver,1
representing,663,1
reproducing,magnetic,1
republican,party,1
reputational,incentives,1
required,manual,1
required,scripts,1
required,technical,1
requires,customization,1
requires,structural,1
requiring,alternative,1
requiring,coding,1
requiring,users,1
research,92,1
research,capabilities,1
research,carefully,1
research,companies,1
research,concluded,1
research,council,1
research,discussed,1
research,firm,1
research,highlighted,1
research,stated,1
research,suggests,1
residential,hospitality,1
resisted,resuming,1
resource,officer,1
resources,focuses,1
resources,gordon,1
resources,software,1
resources,wellness,1
respondents,193,1
responds,faster,1
response,hands,1
response,speed,1
response,time,1
responses,based,1
responsible,steward,1
restores,control,1
results,77,1
results,competing,1
results,suggest,1
resuming,attacks,1
retail,coupons,1
retail,sales,1
retention,peracha,1
retention,workflows,1
retrieval,services,1
retrofit,system,1
return,maguire,1
reveal,patterns,1
revenue,consequences,1
revenue,directly,1
revenue,increase,1
revenue,officer,1
revenue,stage,1
revenue,teams,1
revenue,trajectory,1
review,bench,1
review,product,1
review,surveyed,1
revitalize,american,1
revolutionary,alerting,1
revolutionise,alerting,1
revolutionize,enterprise,1
rewardable,business,1
rework,barak,1
rewriting,business,1
ride,5,1
rider's,seamless,1
rights,90,1
rights,act,1
rights,civil,1
rights,division,1
rights,organizations,1
rising,quality,1
rising,talent,1
risk,engineering,1
risk,sidelining,1
risk,teams,1
risks,license,1
risks,remain,1
rit’s,game,1
rit’s,inclusion,1
rit’s,regional,1
roadmap,driving,1
roblox,instructive,1
roblox's,lua,1
robot,embedded,1
robotics,standard,1
robots,tasks,1
robust,growth,1
robust,pace,1
rocky,debut,1
rohan,chopra,1
role,continuing,1
role,managing,1
role,model,1
roles,fewer,1
ronald,reagan's,1
root,tsx,1
roots,corp,1
rose,faster,1
rosie,ching,1
roughly,1.2,1
roughly,tenfold,1
round,aimed,1
round,alongside,1
round,announced,1
round,implying,1
round,marking,1
round,notable,1
round,oolka,1
round,peracha,1
round,pushed,1
round,pushes,1
round,raising,1
round,supported,1
round,underscoring,1
round,valued,1
round,values,1
round,vertex,1
rounds,92,1
rounds,93,1
rounds,reflects,1
rounds,strategic,1
routing,ideas,1
rowell,featuring,1
rules,humans,1
runaway,madness,1
running,hot,1
running,soft,1
running,sounds,1
russian,hill,1
rylo,advances,1
rylo,gains,1
rylo,headquartered,1
rylo,intends,1
rylo,operates,1
rylo's,leadership,1
rylo's,model,1
s.a,unveiled,1
sa,82,1
sadeaf,executive,1
safety,89,1
safety,mental,1
safety,reasons,1
safety,related,1
sale,proceeds,1
sales,occurred,1
sales,rose,1
salesforce,ventures,1
sally,bolton,1
sample,size,1
samuel,choo,1
sanders,74,1
sanders,elon,1
sandler,cutting,1
sandler,reduced,1
sandler,reducing,1
sandra,kumi,1
sandra,tansky,1
saskatchewan,canada,1
savh,executive,1
scalable,accessibility,1
scalable,communication,1
scalable,subscription,1
scale,adoption,1
scale,ai,1
scale,astrocade,1
scale,baz,1
scale,commercial,1
scale,company,1
scale,electronic,1
scale,innovation,1
scale,language,1
scale,startup,1
scales,questions,1
scaling,expertise,1
scaling,rylo's,1
scam,calls,1
scam,detection,1
scan,chat,1
scan,communication,1
scanned,app,1
scarce,fragmented,1
scarce,solace,1
scars,left,1
school,friend,1
schoster,partner,1
sci,fi,1
science,tool,1
sciences,72,1
scientific,landscape,1
scientist,told,1
score,improvement,1
screen,based,1
screening,platform,1
seamless,buyer,1
seamless,uber,1
seamless,user,1
seamlessly,communicate,1
search,72,1
search,patterns,1
secondary,market,1
section,column,1
section,columnists,1
section,engineering,1
section,opinion,1
section,section,1
sections,87,1
sections,89,1
sections,91,1
sections,94,1
sections,99,1
sector,disclosed,1
sector,drawing,1
sector,focus,1
sector,interactive,1
sector,peer,1
sector,updates,1
sectors,ranging,1
secure,ai,1
secure,asset,1
secured,65,1
secures,25m,1
secures,38,1
securing,200,1
security,identity,1
security,joe,1
security,officer,1
security,risks,1
security,threat,1
seek,confidentiality,1
seeking,audit,1
seeking,employees,1
segment,attribution,1
segment,drawing,1
segmented,credibility,1
select,question,1
selected,stratix,1
selling,digital,1
selling,enterprise,1
senate,bill,1
senator,bernie,1
sends,prices,1
senior,analyst,1
senior,chinese,1
senior,executives,1
sensitivity,recording,1
sensory,evaluation,1
sentence,translated,1
sentences,enabled,1
sentences,include,1
sentiment,classifiers,1
sentiment,recalling,1
sentiment,reinforces,1
sentiment,remarking,1
sentiment,reports,1
seoul,hub,1
seoul,reflects,1
separate,product,1
separate,systems,1
separately,givaudan,1
separately,lightspeed,1
september,1,1
september,10,1
september,11,1
september,19,1
sequoia,maguire's,1
sequoia,partner,1
serve,businesses,1
serves,1.4,1
service,approach,1
service,innovation,1
service,solution,1
service,tier,1
service,vrs,1
services,54,1
services,expanded,1
services,government,1
services,home,1
services,led,1
services,model,1
services,portfolio,1
services,remains,1
services,social,1
services,stop,1
servlet,opac,1
session,led,1
set,compensation,1
sex,discrimination,1
shaken,player,1
shaping,hiring,1
share,actionable,1
share,sales,1
shared,commitment,1
shareholders,received,1
shares,collectively,1
sharpest,observers,1
sheds,stuffed,1
sheer,volume,1
sherri,manning,1
sheryl,eisenberg,1
shift,companies,1
shift,lies,1
shift,marked,1
shift,stop,1
shifting,founder,1
shipments,exceeding,1
ships,safely,1
shitty,technology,1
shooting,happened,1
shootings,77,1
short,lived,1
short,term,1
shorten,formulation,1
sic1311,crude,1
sic2046,wet,1
sic2731,books,1
sic4841,cable,1
sic7011,hotels,1
sic7041,organization,1
sic7375,information,1
sic7383,news,1
sided,corner,1
sidelining,tools,1
sign,supports,1
sign,translation,1
signaling,growth,1
signaling,momentum,1
signals,continued,1
signed,languages,1
significant,challenges,1
significant,class,1
significant,controversy,1
significant,economic,1
significant,inaccuracies,1
significant,life,1
significant,moves,1
significant,opportunity,1
significant,perception,1
significant,portion,1
significant,presence,1
significant,progress,1
significant,proportion,1
significant,stating,1
significant,structural,1
significantly,inadequate,1
significantly,reaching,1
significantly,reducing,1
significantly,worse,1
silent,attrition,1
silver,lake,1
similar,capabilities,1
similar,tools,1
similarly,active,1
simple,descriptions,1
simple,user,1
simplified,development,1
simplify,operations,1
simply,proving,1
singapore,96,1
singapore,november,1
singapore's,employment,1
single,composite,1
single,ecosystem,1
single,effort,1
single,party,1
single,platform,1
single,predictable,1
single,scalable,1
single,sided,1
single,system,1
single,transaction,1
sinking,feeling,1
sirens,adding,1
site,interpreting,1
site,power,1
size,relative,1
skeptics,boomers,1
skilled,sign,1
skills,quickly,1
slack,integration,1
sleep,attention,1
slow,response,1
slowed,startup,1
slower,startup,1
smart,ai,1
smart,home,1
smarter,algorithms,1
smartsim,connectivity,1
smoke,alarms,1
smu,study,1
sobering,sign,1
social,accessibility,1
social,ideologies,1
social,life,1
social,net,1
social,post,1
social,services,1
social,workers,1
societal,impact,1
societal,issues,1
societal,news,1
society,struggle,1
society's,marginalized,1
soft,natural,1
software,50,1
software,53,1
software,84,1
software,aiming,1
software,company,1
software,giant,1
software,integral,1
software,maintenance,1
software,physical,1
software,platform,1
software,roles,1
software,stratix,1
software,vendor,1
solicited,feedback,1
solution,designed,1
solution,enabling,1
solution,tailored,1
solutions,aimed,1
solutions,designed,1
solutions,include,1
solutions,including,1
solutions,investors,1
solutions,pioneering,1
solutions,prioritising,1
solutions,rylo's,1
solutions,trian,1
solutions,trian's,1
solve,consumer,1
solve,noting,1
solving,workflow,1
someone's,app,1
son,informed,1
sonatype,1,1
sonatype,designs,1
sonatype,names,1
sonay,kartal,1
sorenson,combines,1
sorenson,earned,1
sorenson,enables,1
sorenson,forum,1
sorenson,named,1
sorenson,remains,1
sorenson's,ai,1
sorenson's,business,1
sorenson's,commitment,1
sorenson's,leadership,1
sorenson's,mission,1
sound,completely,1
sound,translations,1
soundproof,phone,1
sounds,accessible,1
source,created,1
source,invoca,1
south,dakota,1
south,korea’s,1
space,include,1
spacex,reportedly,1
spacex's,recent,1
spanning,funding,1
spanning,hundreds,1
spanning,investment,1
spans,millions,1
speak,feel,1
speaker,system,1
special,software,1
specialized,counseling,1
specialized,workforce,1
specific,business,1
specific,tone,1
specific,user,1
specifically,built,1
specifically,targeting,1
spectrum,defined,1
speech,conversion,1
speech,disabilities,1
speech,omli's,1
speech,responses,1
speech,rights,1
speech,systems,1
speed,gap,1
speed,technology,1
spending,china's,1
spent,annually,1
spokesperson,stated,1
sports,78,1
sports,officiating,1
sports,recreation,1
spotlighted,anthropic's,1
spread,widely,1
staff,news,1
stage,enterprise,1
stage,focus,1
stage,language,1
stage,reporting,1
staggering,80,1
stake,increasing,1
stakes,deals,1
stakes,fields,1
stalling,outright,1
stalls,savh,1
standard,consumers,1
standard,panoramic,1
standard,viewing,1
stark,reality,1
starmer’s,ai,1
stars,highlighting,1
start,talking,1
started,testing,1
startup,activity,1
startup,announced,1
startup,developing,1
startup,enabling,1
startup,formation,1
startup,innovation,1
startup,intends,1
startup,operating,1
startup,secured,1
startup,venture,1
startup's,approach,1
startup's,product,1
startups,compared,1
startups,underscores,1
stated,fire,1
stated,margin,1
stated,people,1
stated,pocket,1
statistical,proof,1
statistically,shown,1
status,securing,1
statutory,action,1
stay,connected,1
stay,updated,1
stays,half,1
steadily,darkening,1
steadily,m13,1
steadily,peracha,1
step,closer,1
steps,66,1
steve,jurvetson,1
stitch,accelerate,1
stitch,continues,1
stitch,emphasized,1
stitch,founder,1
stitch,raises,1
stitch,reflecting,1
stitch,secures,1
stitch's,commitment,1
stitch's,growth,1
stitch's,operations,1
stitch's,platform,1
stitch’s,approach,1
stockpiles,usa,1
stones,driftwood,1
stop,feeling,1
stop,talking,1
storage,companies,1
stored,recordings,1
straightforward,productivity,1
strategic,alliances,1
strategic,developments,1
strategic,initiatives,1
strategic,narrative,1
strategic,orientation,1
strategic,partner,1
strategic,pivot,1
strategic,step,1
strategic,upstream,1
strategy,centered,1
strategy,deepens,1
strategy,forward,1
strategy,peracha,1
strategy,trian's,1
stratix,1,1
stratix,empowers,1
stratix,itrac360,1
stratix,smartsim,1
streaming,dist,1
streaming,distribution,1
streamline,procurement,1
streamline,product,1
streamlines,production,1
streamlining,agent,1
street,sign,1
strengthen,ai,1
strengthen,market,1
strengthening,janus,1
striking,lack,1
stringent,global,1
strong,confidence,1
strong,demand,1
strong,dignitary,1
strong,economy,1
strong,product,1
strong,student,1
strongest,carrier,1
strongly,predict,1
structural,enablers,1
structural,gap,1
structure,remain,1
student,faculty,1
student,journey,1
student,sentiment,1
student,talent,1
students,advanced,1
students,including,1
students,mansoor,1
studies,70,1
studies,employs,1
studies,involving,1
studio,offers,1
study,disability,1
study,engage.me,1
study,published,1
study,revealed,1
study,supports,1
stumbling,block,1
subject,blindness,1
subject,digital,1
subject,discrimination,1
subject,emotions,1
subject,executives,1
subject,financial,1
subject,labor,1
subject,language,1
subject,negative,1
subject,news,1
subject,payment,1
subject,privately,1
subject,reports,1
subject,students,1
subject,telecommunications,1
subject,wearable,1
subject,zoning,1
subreddit's,comments,1
subscription,based,1
subscription,model,1
subsequently,launched,1
substantial,portion,1
substantial,proportion,1
substantial,share,1
subtle,conditions,1
subtle,variations,1
suburban,markets,1
success,manager,1
successful,business,1
successful,close,1
successful,completion,1
successful,product,1
successful,teams,1
successful,technology,1
sufficiently,cheerful,1
suggests,barrett,1
suits,claims,1
summarized,automatically,1
summarizes,conversations,1
sung,mo,1
super,harness,1
superior,accuracy,1
superior,performance,1
supply,chain,1
supply,chains,1
support,calls,1
support,commercial,1
support,crew,1
support,designed,1
support,disability,1
support,easy,1
support,employees,1
support,gap,1
support,gaps,1
support,janus,1
support,memory,1
support,networks,1
support,remains,1
support,repair,1
support,team,1
supported,privacy,1
supporting,companies,1
supporting,employees,1
supportive,workplace,1
supports,broader,1
supports,earzz's,1
supports,multiple,1
supports,real,1
supposed,mood,1
surfaced,language,1
surpassed,44,1
surpassing,2,1
surprising,correlation,1
surrounding,wearable,1
surveillance,added,1
surveillance,advertise,1
surveillance,devices,1
surveillance,invisible,1
surveilling,workers,1
survey,field,1
survey,found,1
survey,led,1
survey,platform,1
survey,respondents,1
survey,results,1
surveyed,"172,000",1
surveys,65,1
surveys,67,1
surveys,93,1
surveys,framery,1
sustainability,efforts,1
sustainability,focused,1
sustainability,recognitions,1
sustainable,inclusion,1
sustained,investor,1
sustaining,brand,1
svcs,social,1
sweatshirt,saamer,1
switch,round,1
switch,specific,1
switch,targeting,1
swx,82,1
syndicates,51,1
syndigate,media,1
synergistic,relationship,1
synthetic,data,1
synthetic,populations,1
system,converts,1
system,designed,1
system,engineered,1
system,expressed,1
system,malfunction,1
system,mimics,1
system,notifies,1
system,optimized,1
system,raducanu,1
system,supports,1
system,translates,1
systematically,marginalize,1
systemic,discrimination,1
systemic,gaps,1
systems,50,1
systems,53,1
systems,capable,1
systems,drones,1
systems,experts,1
systems,fostering,1
systems,integrated,1
systems,jay,1
systems,perform,1
systems,remains,1
systems,source,1
tackle,real,1
takers,responses,1
takes,accessible,1
takes,center,1
taking,advantage,1
taking,ownership,1
talent,acquisitions,1
talent,migration,1
talks,fail,1
tama,getty,1
taneja,ceo,1
taneja,highlighted,1
taneja,remarked,1
taneja,underscored,1
tangible,benefits,1
tangible,empowerment,1
tangible,impacts,1
target,adjustments,1
target,wearables,1
targeted,ads,1
targeted,alerting,1
targeting,advances,1
targeting,persistent,1
targets,downward,1
targets,real,1
targets,tier,1
tariffs,lift,1
tasks,gathering,1
tasks,remain,1
tax,benefits,1
taylor,barkley,1
teach,robots,1
teaching,materials,1
team,consulted,1
team,deeper,1
team,enhancing,1
team,realized,1
team,structure,1
team's,combination,1
team's,product,1
teammates,quickly,1
teams,onboard,1
teams,seeking,1
tech,2026,1
tech,accessibility,1
tech,backgrounds,1
tech,bros,1
tech,companies,1
tech,education,1
tech,elites,1
tech,expert,1
tech,found,1
tech,insiders,1
tech,maturity,1
tech,talk,1
tech,week,1
tech's,magic,1
technical,gaps,1
technical,institute,1
technical,knowledge,1
technical,limitations,1
technical,whitepapers,1
technically,correct,1
technically,functional,1
techniques,including,1
technological,advancements,1
technological,challenges,1
technological,college,1
technological,conditions,1
technological,foundation,1
technological,maturation,1
technological,precision,1
technological,reliance,1
technological,solutions,1
technologies,competing,1
technologies,continues,1
technologies,designed,1
technologies,headquartered,1
technologies,indicating,1
technologies,rylo,1
technologies,tailored,1
technology,aimed,1
technology,aligns,1
technology,artificial,1
technology,arts,1
technology,category,1
technology,company,1
technology,designed,1
technology,development,1
technology,discriminates,1
technology,drawing,1
technology,ecosystem,1
technology,ensures,1
technology,executive,1
technology,facilitates,1
technology,focused,1
technology,fund,1
technology,headquartered,1
technology,infrastructure,1
technology,intersect,1
technology,investments,1
technology,leaders,1
technology,markets,1
technology,matures,1
technology,moved,1
technology,partners,1
technology,pennsylvania,1
technology,prepared,1
technology,rad,1
technology,rapidly,1
technology,rit,1
technology,scoring,1
technology,solutions,1
technology,speaks,1
technology,stacks,1
technology,stand,1
technology,standards,1
technology,steadily,1
technology,support,1
technology,trajectory,1
technology,utilizing,1
technology's,100,1
technology's,superior,1
teens,73,1
telecom,trends,1
telecommunications,94,1
telecommunications,96,1
telecommunications,buyer,1
television,services,1
temperature,vibes,1
ten,plaque,1
tennis,91,1
tennis,club,1
tennis,ground,1
tennis,tournaments,1
tenth,unique,1
term,advantage,1
term,growth,1
term,infrastructure,1
term,maintenance,1
term,player,1
term,price,1
term,reputation,1
term,success,1
term,view,1
text,functions,1
text,instantly,1
text,translation,1
text,voice,1
themes,discovered,1
thenewsweek,lists,1
thermal,management,1
thinking,businesses,1
thirds,hold,1
thiruvenkatanathan,echoed,1
threatening,rhetoric,1
thrive,newsweek's,1
thursday,4,1
thursday,5,1
thursday,6,1
ticker,intu,1
tie,incentives,1
time,accessibility,1
time,andreessen,1
time,decision,1
time,discussion,1
time,frightening,1
time,meeting,1
time,multilingual,1
time,offering,1
time,property,1
time,reliability,1
time,role,1
time,sign,1
time,spoken,1
time,transcription,1
time,warner,1
time's,america's,1
timely,visual,1
times,bigger,1
times,column,1
times,company,1
times,faster,1
times,international,1
times,revenue,1
title,vii,1
tm,2026,1
today's,ai,1
tom,hennan,1
tone,terminology,1
tools,andreessen,1
tools,astrocade,1
tools,continues,1
tools,daily,1
tools,focuses,1
tools,grows,1
tools,meet,1
top,50,1
top,consumer,1
top,driver,1
top,performing,1
topic,grammatically,1
tortoise,media,1
total,100,1
total,sale,1
tournament,organizers,1
tournaments,72,1
tournaments,90,1
town,serve,1
toxicity,azure,1
track,individual,1
trackers,keystroke,1
trade,commission,1
trade,issue,1
trading,price,1
traditional,approaches,1
traditional,attribution,1
traditional,boundaries,1
traditional,evaluation,1
traditional,programming,1
traditional,setup,1
traditional,wall,1
traditionally,depended,1
traditionally,hindered,1
train,contextual,1
trained,models,1
trained,transformer,1
training,7,1
training,mentorship,1
training,schemes,1
trajectory,intent,1
transaction,ai,1
transactions,conducted,1
transactions,occurring,1
transcend,barriers,1
transcends,traditional,1
transcribed,d.k,1
transcription,helping,1
transcription,tool,1
transcripts,75,1
transcripts,compounds,1
transform,game,1
transformation,journey,1
transformative,opportunity,1
transformative,partnership,1
transformative,potential,1
transformative,solutions,1
transformer,siebert,1
transforming,enclosed,1
transforms,accessibility,1
transforms,meetings,1
transit,systems,1
transition,citing,1
transitional,phase,1
translated,correctly,1
translated,sentence,1
translation,engine,1
translation,models,1
translation,tasks,1
translation,tools,1
translation,website,1
transparency,organizations,1
transparency,tax,1
transportation,61,1
travel,buyer,1
travel,survey,1
trend,highlighted,1
trend,lixandru,1
trends,91,1
trends,93,1
trends,96,1
trends,visit,1
triggers,behaviors,1
trillion,economy,1
trillion,represents,1
trivium,china,1
truckers,historically,1
trucking,companies,1
trucking,industry,1
trump,xi,1
trump's,favorability,1
trump's,leverage,1
trump's,low,1
trump's,threatening,1
trump's,tools,1
trumps,labels,1
trust,confuse,1
trust,driver,1
trust,floor,1
trust,increases,1
trust,isn’t,1
trusted,advisor,1
trusted,leader,1
trusted,supporters,1
trustmi,skyflow,1
trycycle,gather,1
tsx,63,1
tuesday,3,1
tulip,interfaces,1
turtleneck,briaca,1
tv,pillai,1
type,expanded,1
type,magazine,1
type,op,1
typical,1,1
tyre,kickers,1
u.s,federal,1
u.s,people,1
u.s,production,1
uae,facilitating,1
uber,ride,1
uber,rides,1
uber,sync,1
ucl,technology,1
ui,user,1
uk,based,1
uk,celebrating,1
uk,consumer,1
uk’s,national,1
ultimate,control,1
umpires,77,1
unconscious,bias,1
uncover,valuable,1
underdeveloped,highlighting,1
underdeveloped,market,1
underlying,illegal,1
understand,assessment,1
understand,english,1
understanding,apis,1
understanding,trumps,1
undeveloped,omli,1
undeveloped,underscoring,1
undisclosed,ai,1
uneasiness,remains,1
unemployment,remains,1
unfair,labor,1
unified,digital,1
unify,operations,1
unintentional,facial,1
union,92,1
union,emotion,1
unique,capability,1
unique,communication,1
unitedhealth,acknowledged,1
units,running,1
universal,ai,1
university,94,1
university,college,1
university,msu,1
university,photographs,1
university,smu,1
university,suggests,1
university’s,cooperative,1
unlike,traditional,1
unmatched,insights,1
unnamed,startup,1
unobstructed,flames,1
unusual,pairing,1
update,published,1
updates,mediacom,1
upfront,investment,1
upfront,ventures,1
upper,hand,1
upstream,decisions,1
urban,studies,1
usaenergy,prices,1
usage,data,1
user,descriptions,1
user,ensuring,1
user,experiences,1
user,feedback,1
user,generated,1
user,moving,1
user,pauses,1
user,segments,1
user's,physical,1
user's,triggers,1
users,absent,1
users,adding,1
users,engage,1
users,globally,1
users,jimenez,1
users,navigate,1
users,praised,1
users,query,1
users,sequoia's,1
users,speak,1
users,step,1
usman,ghani,1
utilize,decentralized,1
utilizes,professional,1
utilizing,ai,1
vague,language,1
validate,vulnerabilities,1
valley,ca,1
valley,venture,1
valley’s,dispowering,1
valley’s,imperatives,1
valuable,insights,1
valuable,strategic,1
valuable,time,1
valuation,established,1
valuation,founded,1
valuation,surpassing,1
valued,supported,1
values,apna,1
values,leading,1
vanity,metrics,1
varied,quality,1
vary,based,1
vast,oil,1
vast,sections,1
vc,baz,1
vc,funding,1
vendor,hirevue,1
ventures,accel,1
ventures,baz,1
ventures,featured,1
ventures,founded,1
ventures,globally,1
ventures,including,1
ventures,insight,1
ventures,led,1
ventures,ucl,1
verbal,contact,1
verbally,expressing,1
verifiable,ai,1
verifiable,outputs,1
verifiable,product,1
verizon,rely,1
vermont,senator,1
vermont,virginia,1
version,1,1
version,reflects,1
vibration,alerts,1
video,games,1
video,interactions,1
video,phone,1
video,product,1
video,released,1
video,remote,1
video,skewering,1
video,violation,1
vidur,puri,1
view,gas,1
view,pricing,1
view,rare,1
view,telecommunications,1
viewing,configurations,1
views,ai,1
vinted,expressed,1
vinted,lixandru,1
viral,linkedin,1
viral,receiving,1
virtual,asset,1
virtual,onsite,1
virtual,windows,1
visceral,distrust,1
visible,pattern,1
vision,centers,1
vision,impaired,1
visionary,ceo,1
visual,auditory,1
visual,impairment,1
visual,impairments,1
visual,storytellers,1
voice,1,1
voice,capabilities,1
voice,conversation,1
voice,data,1
voice,shaped,1
voice,trucking,1
voice,united,1
voices,resulting,1
volatile,movement,1
volume,environments,1
voluntarily,provide,1
voluntary,goodwill,1
voters,feel,1
voters,weak,1
voyeurism,laws,1
vrs,vrs,1
wage,jobs,1
wake,forest,1
wall,murals,1
wallets,immediately,1
wang,stated,1
war,machine,1
warner,company,1
washington,publishers,1
washington,university,1
watched,peers,1
water,running,1
waterman,h.i.g,1
wave,scanners,1
weak,consumer,1
weak,growth,1
weak,sentiment,1
wealth,engine,1
wealthiest,people,1
wealthy,people,1
weapon,stockpiles,1
wear,glasses,1
wearable,device,1
wearable,devices,1
wearables,robotics,1
wearables,treat,1
wearer,focuses,1
website,localization,1
websites,mobile,1
week,app,1
week,courses,1
weigh,options,1
weighted,code,1
wellness,apps,1
wellness,initiatives,1
wellness,resources,1
weston,rowell,1
wet,corn,1
whatsapp,prompts,1
whichever,voice,1
white,applicants,1
white,blouse,1
white,house,1
white,teammates,1
whitehall,downloaded,1
wholesome,twist,1
wide,range,1
wide,ranging,1
wider,ai,1
wider,community,1
wider,demographic,1
wider,growth,1
wider,suite,1
widespread,adoption,1
widespread,employee,1
widespread,goodwill,1
widest,gap,1
wimbledon,incidents,1
wimbledon's,adoption,1
wimbledon's,ai,1
wimbledon's,decision,1
win,friends,1
window,arrays,1
winner,created,1
wiretapping,eavesdropping,1
witness,colleagues,1
wlw,future,1
word,choice,1
words,job,1
worker,performance,1
worker,productivity,1
worker,safety,1
worker,sentiment,1
workers,65,1
workers,89,1
workers,chat,1
workers,prioritize,1
workers,productivity,1
workflow,level,1
workforce,enabling,1
workforce,management,1
workforce,participation,1
workforce,reduction,1
workforce,training,1
workplace,78,1
workplace,89,1
workplace,accommodations,1
workplace,culture,1
workplace,driven,1
workplace,excellence,1
workplace,factors,1
workplace,grants,1
workplace,holds,1
workplace,metrics,1
workplaces,rylo,1
world,business,1
world,communication,1
world,copyright,1
world,hands,1
world,start,1
world,workflows,1
world's,fair,1
worldwide,developers,1
worrisome,economic,1
writer,cory,1
wrongheaded,fear,1
wrongheaded,fearmongering,1
wrote,linking,1
xi,china,1
xi,maintains,1
xi's,power,1
xv,contributing,1
year's,worldwide,1
york,develops,1
york,employing,1
york,headquarters,1
york,oklahoma,1
york,secured,1
york,tech,1
youth,joblessness,1
you’re,defining,1
z47,contributed,1
zcash,gaining,1
zcash,reaching,1
ziperski,partner,1
zoom,account,1
zoom,extension,1
